anmerkungen,value2,value,value3,gesamt_jahresueberschuss_fond,gesamtkapitalquote_2014,id,notleidende_kredite_2014,platz_gesamtkapitalquote,platz_nk_kredite_gesamt,platz_npl_zu_gewinn,verhaeltnis_npl_zu_gewinn
,0.07,0.1,0.09,2291697,31.12,359,446000,8,1,3,0.2
,0.08,0.1,0.22,7481260,16.93,267,1229000,192,2,1,0.2
,0.13,0.27,0.29,16401000,22.16,158,3600000,53,3,6,0.2
,0.16,0.1,0.39,15510169.56,22.53,190,3342000,50,4,5,0.2
,0.18,0.33,0.21,10840000,16.91,298,2200000,194,5,4,0.2
,0.19,0.25,0.35,7910821,15.84,286,2700000,250,6,8,0.3
,0.19,0.11,0.46,4596950,21.81,306,2300000,59,7,11,0.5
,0.2,0.11,0.53,2502576,21.46,233,3487000,68,8,71,1.4
"Im Offenlegungsbericht wird als Meldestichttag nicht der letzte Tag des Jahres, sondern der 30.12.2014 genannt.",0.23,0.05,0.53,55226000,13.16,5,44218000,372,9,28,0.8
,0.24,0.17,0.65,5227100,16.45,259,4000000,218,10,27,0.8
,0.24,0.41,0.38,13027595.47,26.01,162,5914000,26,11,10,0.5
,0.28,0.06,0.71,6752552,17.61,205,6727000,167,12,43,1.0
,0.28,0.96,0.37,567794,23.65,360,1900000,43,13,197,3.3
,0.29,0.08,0.67,30580743,23.68,79,13000000,42,14,9,0.4
,0.29,0.08,0.79,4766712.7,15.03,304,3565000,299,15,25,0.7
,0.3,0.11,1.01,10355126,19.18,180,6900000,122,16,19,0.7
,0.31,0.32,0.63,16366695,13.09,72,15000000,377,17,35,0.9
,0.31,0.13,0.69,8906322,15.95,193,6600000,245,18,24,0.7
,0.32,0.05,0.82,10625611,21.13,204,6504000,72,19,13,0.6
,0.33,0.19,0.85,14928285,13.71,131,11300000,355,20,26,0.8
,0.34,0.1,0.88,7318245,14.41,186,7300000,327,21,44,1.0
,0.35,0.47,0.55,2180063,16.7,349,2556000,200,22,48,1.2
,0.36,0.25,0.88,10436000,14.79,165,9299000,314,23,31,0.9
,0.36,0.49,0.51,1249044,16.54,336,3252000,207,24,158,2.6
,0.36,0.51,0.79,2757504,20.74,382,1878000,83,25,20,0.7
,0.38,0.91,8.61,2500000,11.77,139,10850000,408,26,240,4.3
,0.39,0.88,1.78,16040296,25.81,209,10285000,28,27,15,0.6
,0.41,0.01,1.38,1643154,16.61,383,2075000,204,28,57,1.3
,0.42,0.34,0.6,20290706,17.33,133,13348000,177,29,16,0.7
,0.42,0.3,0.92,7247744,14.44,114,15680000,325,30,122,2.2
,0.43,0.26,1.11,8906313,18.21,241,8628000,148,31,41,1.0
,0.43,0.4,1.07,26892683,26.36,90,17801400,24,32,18,0.7
,0.45,0.41,0.7,13961899,19.31,236,7700000,118,33,12,0.6
,0.45,0.09,2.51,1993583,16.86,365,3032000,196,34,84,1.5
,0.46,1.92,2.52,1352818,36.73,317,4629300,2,35,205,3.4
,0.46,0.23,1.18,7389718,15.84,179,10850000,250,36,81,1.5
,0.46,0.76,1.64,6459000,20.35,157,11181000,90,37,95,1.7
,0.47,0.72,2.11,17400000,25.43,159,12457000,31,38,22,0.7
,0.47,1.36,1.57,43971000,20.56,17,54840000,85,39,54,1.2
,0.47,0.37,1.36,19099163,21.56,107,18000000,66,40,39,0.9
,0.49,0.75,1.05,13148474.97,17.55,119,17808000,170,41,64,1.4
,0.49,0.55,0.98,6095006,15.32,316,5438000,282,42,32,0.9
,0.5,0.08,1.16,40530000,16.68,15,62000000,202,43,85,1.5
,0.51,0.68,0.92,7536174,23.93,255,8226000,38,44,46,1.1
,0.51,0.47,1.3,5933169,21.73,269,7353000,61,45,52,1.2
,0.52,1.0,1.75,8083325,18.94,238,10160000,128,46,55,1.3
,0.53,0.18,1.21,25448000,17.68,82,23600000,163,47,37,0.9
,0.54,0.19,1.46,20015249,17.85,60,28000000,160,48,74,1.4
Sparkasse hat mit der Weberbank eine 100% Tochter. Für diese werden auch die NK im Offenlegungsbericht genannt. Diese haben wir hier nicht eingerechnet.,0.54,0.61,1.63,107484608.8,27.51,12,67000000,18,49,14,0.6
,0.55,0.61,1.19,13867052,16.45,183,12300000,218,50,30,0.9
,0.56,0.31,1.13,32707100,23.19,63,27700000,47,51,29,0.8
,0.57,0.35,1.14,9587834,16.3,166,14000000,229,52,79,1.5
,0.57,0.3,1.35,10800000,12.83,135,17300000,386,53,90,1.6
,0.58,0.97,1.03,225000,17.02,404,2108000,188,54,353,9.4
,0.58,0.43,1.19,52037222.1,14.84,18,62300000,310,55,50,1.2
,0.6,0.85,1.13,8335376.57,13.72,178,14780000,354,56,99,1.8
,0.6,1.0,2.42,19600000,18.6,109,24367205,137,57,53,1.2
,0.61,0.43,1.26,52800000,15.72,22,63010000,258,58,49,1.2
Fusioniert zu SPK an der Lippe,0.62,0.23,1.71,1409087,19.63,352,4200000,107,59,180,3.0
,0.62,0.92,2.08,4698256,17.62,377,3382000,165,60,23,0.7
,0.62,0.42,1.57,45218316.04,20.19,26,59500000,94,61,62,1.3
,0.63,0.37,1.78,2034196,16.24,210,14000000,231,62,306,6.9
,0.63,0.29,1.82,7292641,14.62,155,16250000,321,63,128,2.2
,0.63,0.09,1.82,7535246,19.15,396,2173800,124,64,7,0.3
,0.63,0.6,0.89,2252991,18.93,389,2989000,129,65,63,1.3
,0.64,0.92,1.28,7032945,17.23,224,13300000,181,66,103,1.9
,0.65,0.47,1.36,133681,16.47,366,4093000,214,67,407,30.6
,0.65,0.43,1.4,3728266,14.32,249,11329000,330,68,184,3.0
,0.65,0.48,2.13,13251183,20.93,201,13132000,80,69,42,1.0
,0.65,1.32,2.21,6934823,34.1,321,6400000,5,70,36,0.9
,0.65,0.83,3.07,6826049,20.18,265,13600000,95,71,112,2.0
,0.65,1.42,4.39,27217549,22.01,128,25576000,55,72,38,0.9
,0.66,0.67,0.93,7252515,17.33,213,12700000,177,73,98,1.8
,0.67,1.39,3.04,3895152,25.57,344,5659000,30,74,78,1.5
,0.67,1.06,1.22,10240053,21.59,187,14300000,64,75,72,1.4
,0.67,0.39,1.57,8313061.05,16.83,142,20232000,198,76,144,2.4
,0.68,0.59,3.9,2124814,33.59,302,7304000,6,77,207,3.4
,0.69,0.35,1.37,6122271,15.5,253,11600000,274,78,104,1.9
,0.71,0.64,2.62,109500000,37.14,118,19993000,1,79,2,0.2
,0.71,1.1,1.49,2705744,17.41,345,5800000,172,80,120,2.1
,0.71,1.03,2.48,5218660,23.32,289,10000000,44,81,105,1.9
,0.71,0.84,0.78,20193109,13.1,120,26100000,376,82,60,1.3
,0.73,0.74,3.79,15058254,20.04,216,15400000,97,83,45,1.0
,0.73,0.57,1.81,9048025,13.87,217,14052000,347,84,86,1.6
"Im Offenlegungsbericht wird als Meldestichttag nicht der letzte Tag des Jahres, sondern der 30.12.2014 genannt.",0.73,0.66,1.69,38800000,15.68,13,89800000,263,85,134,2.3
,0.73,0.27,2.13,12443114,16.6,87,29000000,206,86,136,2.3
,0.73,0.25,1.26,9832131,13.74,147,22100000,353,87,129,2.2
,0.73,0.96,1.16,3291941,13.52,211,14987000,362,88,248,4.6
,0.74,0.53,1.4,22448965,12.68,103,27000000,390,89,51,1.2
,0.74,0.85,1.8,19400000,19.38,124,27000000,116,90,70,1.4
,0.74,1.7,3.71,5796958,35.31,357,5298300,4,91,34,0.9
,0.74,0.59,1.52,9299572,15.99,256,12851000,241,92,69,1.4
,0.75,1.36,2.26,95610291.23,15.47,7,121028130,276,93,58,1.3
,0.75,0.3,2.1,10461355,14.98,145,21156000,303,94,115,2.0
,0.76,1.55,4.25,15165145,25.57,230,14568000,30,95,40,1.0
,0.76,1.21,1.52,8899482,21.65,262,11600000,63,96,61,1.3
,0.76,0.37,2.31,9900000,19.71,245,12500000,105,97,56,1.3
Fusioniert zu Sparkasse Hameln-Weserbergland ,0.77,1.53,1.34,3047927,19.58,333,6382000,110,98,119,2.1
,0.77,1.04,1.67,23200000,18.82,59,43800000,131,99,102,1.9
,0.77,0.52,1.81,21978641,15.5,24,82000000,274,100,226,3.7
,0.81,0.77,1.75,39800000,13.93,30,64256000,345,101,92,1.6
,0.81,0.8,3.67,7341780,19.84,276,11512000,102,102,87,1.6
,0.82,0.6,1.43,16360868,15.77,101,33300000,253,103,116,2.0
,0.82,0.64,1.63,675889,16.31,374,5279000,228,104,334,7.8
,0.82,0.87,2.25,14148617,17.37,108,31300000,173,105,125,2.2
,0.83,1.2,1.82,7158913,18.24,188,18100000,146,106,151,2.5
,0.83,0.79,2.79,2548996,17.18,388,3736000,183,107,80,1.5
,0.84,1.58,2.1,8700000,19.27,73,43200000,119,108,263,5.0
,0.84,1.72,1.78,8500000,12.52,32,67845000,395,109,337,8.0
,0.84,1.64,3.48,14175125,30.6,243,19200000,9,110,65,1.4
,0.85,1.75,1.09,764523,12.75,391,3452000,387,111,245,4.5
,0.85,0.39,2.36,114512,16.01,401,3000000,240,112,405,26.2
,0.86,0.38,1.84,11849348,16.32,95,36634000,227,113,186,3.1
,0.86,0.58,1.82,20606000,17.48,134,26300000,171,114,59,1.3
,0.86,1.31,3.47,19293786,26.46,136,28878230,23,115,83,1.5
,0.87,0.46,2.03,6903050,13.79,273,13428000,352,116,108,1.9
,0.87,0.37,1.95,7492898,15.76,283,12068000,255,117,91,1.6
,0.88,0.23,2.5,10211686,12.26,228,14789000,397,118,75,1.4
,0.88,1.58,1.23,2194000,20.27,363,6725000,91,119,185,3.1
,0.89,0.37,2.25,7198543,15.51,181,19900000,272,120,170,2.8
,0.89,0.46,1.45,37200000,12.1,45,62636000,401,121,94,1.7
,0.9,0.42,2.85,5681456,30.4,287,11641000,10,122,117,2.0
,0.9,0.58,2.36,3263094,17.66,341,7600000,164,123,135,2.3
,0.91,0.06,1.79,6509000,18.36,288,11300000,141,124,96,1.7
,0.91,1.75,1.86,2277889,19.78,367,5800000,104,125,153,2.5
,0.91,0.85,1.78,5131680,12.54,299,11356000,393,126,126,2.2
,0.92,0.94,2.29,17006265,16.21,49,47602000,232,127,172,2.8
,0.93,0.18,4.41,3900000,29.5,328,8679000,13,128,127,2.2
,0.93,0.25,2.23,1827694,15.56,275,14500000,268,129,336,7.9
,0.96,0.44,2.42,24554721,14.85,66,54100000,309,130,123,2.2
,0.97,1.23,1.65,8000000,27.07,89,38150000,20,131,257,4.8
,0.97,1.36,1.9,9742869,17.19,171,22300000,182,132,132,2.3
,0.98,1.1,1.42,48400000,19.62,39,70200000,109,133,76,1.5
Fusioniert zu Westmünsterland,0.98,1.09,1.99,1264548,15.51,379,4900000,272,134,227,3.9
,0.99,0.35,2.12,14241000,19.13,167,22800000,125,135,89,1.6
,0.99,0.39,2.3,53000000,14.48,6,179000000,323,136,201,3.4
,0.99,#VALUE!,3.45,9036807,20.64,325,10264000,84,137,47,1.1
,1.0,1.68,2.52,12814368,29.26,239,17645000,14,138,68,1.4
,1.0,0.25,1.29,1875810,19.23,373,5592000,120,139,181,3.0
,1.01,0.57,2.12,2877299,22.39,225,18719000,51,140,302,6.5
,1.02,0.25,2.14,17846010,23.3,62,52820000,45,141,178,3.0
,1.02,0.25,2.65,3250000,12.86,350,7789000,384,142,141,2.4
,1.03,0.76,1.89,21729473,12.18,65,50700000,400,143,138,2.3
,1.04,1.05,2.9,37905000,24.78,50,69600000,35,144,101,1.8
,1.04,1.46,1.52,21883319,15.91,226,20000000,247,145,33,0.9
,1.04,0.62,2.35,34506500,15.12,40,71500000,293,146,118,2.1
,1.04,0.64,2.95,17429384,17.71,80,47000000,162,147,166,2.7
,1.05,0.43,1.63,15645756.45,15.18,146,30300000,288,148,107,1.9
,1.05,0.54,2.6,7919992,14.25,71,50400000,334,149,299,6.4
,1.06,1.5,5.93,12454171,16.53,110,42741356,208,150,206,3.4
,1.07,0.86,2.66,7254206,14.98,219,20100000,303,151,171,2.8
,1.07,1.29,3.34,1349251,18.29,152,30200000,144,152,400,22.4
,1.07,1.11,3.22,7841049,16.51,235,19300000,210,153,147,2.5
,1.07,0.57,3.46,5076802,16.4,250,17700000,221,154,211,3.5
,1.07,0.76,2.28,18509848,15.06,81,48522000,296,155,160,2.6
,1.08,0.92,3.7,1319160,21.72,284,15663000,62,156,374,11.9
,1.08,0.62,2.42,81100689.02,21.8,14,141400000,60,157,97,1.7
,1.08,0.32,2.8,7335882.61,20.4,285,14823000,89,158,114,2.0
,1.1,0.94,2.53,2376637,14.23,280,17700000,336,159,326,7.4
,1.1,1.58,1.41,5467370,16.34,251,17800000,224,160,192,3.3
,1.1,0.73,2.06,104229281.6,15.9,8,145800000,248,161,73,1.4
,1.1,0.46,2.38,32378261,15.68,47,73000000,263,162,130,2.3
,1.11,0.46,2.08,213143646.6,14.46,3,309300000,324,163,77,1.5
,1.11,0.49,3.14,3144429,24.76,326,10417000,36,164,195,3.3
,1.12,1.83,2.37,18700000,19.38,143,30850000,116,165,93,1.6
,1.13,2.89,3.81,58110000,17.32,115,41375000,178,166,21,0.7
,1.14,0.88,4.25,14000000,23.75,149,37600000,40,167,165,2.7
,1.14,2.06,5.57,14359694,25.28,227,19734000,32,168,67,1.4
,1.16,1.08,2.11,20329000,21.06,151,30330000,76,169,82,1.5
,1.16,0.2,3.32,2707518,15.24,340,9926000,283,170,220,3.7
,1.17,0.6,4.19,7865703,16.95,207,23266000,190,171,177,3.0
,1.18,1.29,2.97,708785,15.58,258,18300000,267,172,404,25.8
,1.18,0.7,3.53,19028223,21.58,86,56427000,65,173,179,3.0
,1.18,1.63,2.58,9455427,22.76,266,18668000,48,174,110,2.0
,1.19,0.31,2.81,42887663,20.54,42,85300000,86,175,111,2.0
,1.23,0.99,4.03,28702646,21.95,56,66930000,57,176,137,2.3
,1.24,0.97,3.17,18600125,19.33,116,41029000,117,177,124,2.2
,1.24,2.2,4.31,17850068,12.51,78,71433000,396,178,231,4.0
Fusioniert zu Sparkasse Hameln-Weserbergland ,1.25,0.85,2.85,4008328,16.06,223,22500000,238,179,282,5.6
,1.26,0.86,2.15,62357600,13.13,2,414000000,374,180,304,6.6
,1.26,1.0,3.04,18264960,18.17,97,47000000,150,181,156,2.6
,1.27,2.39,5.16,1854317,31.32,292,16465000,7,182,350,8.9
,1.27,0.55,2.2,29192872,12.94,34,98600000,381,183,202,3.4
,1.28,1.1,3.01,25088489,17.33,25,113000000,177,184,244,4.5
,1.28,0.6,2.34,28400000,13.25,61,75800000,370,185,164,2.7
,1.3,0.85,3.74,32070000,25.96,57,69200000,27,186,121,2.2
,1.3,2.01,3.72,1115313,28.35,270,17297600,15,187,387,15.5
Fusioniert zu SPK an der Lippe,1.32,0.77,3.82,1000000,21.86,244,20940700,58,188,396,20.9
,1.32,1.42,4.05,10149119,22.53,231,25863000,50,189,154,2.5
,1.33,1.91,7.02,4615521,16.42,64,69734814,219,190,386,15.1
,1.33,0.72,2.54,4493364,12.88,322,13199000,383,191,176,2.9
,1.34,0.99,2.66,8809477,16.5,242,22930000,211,192,157,2.6
,1.34,1.59,3.08,34266033,20.1,54,77300000,96,193,131,2.3
,1.35,2.08,4.38,1500000,18.42,150,35297000,138,194,401,23.5
,1.35,0.8,2.63,21537000,17.87,84,54985000,159,195,155,2.6
,1.35,1.41,2.55,20600000,14.32,67,74000000,330,196,218,3.6
,1.36,1.09,3.43,12874000,16.48,37,90673000,212,197,312,7.0
,1.36,3.0,4.35,5941283,21.09,318,13924000,75,198,139,2.3
,1.37,1.08,3.5,20700000,15.74,76,72000000,256,199,210,3.5
,1.37,1.0,3.04,20500000,19.62,98,51790000,109,200,150,2.5
,1.38,1.11,6.22,849884,23.7,351,9000000,41,201,364,10.6
,1.38,0.74,3.24,13800000,17.25,156,36400000,180,202,161,2.6
,1.38,1.73,2.21,2193989,15.94,346,10472000,246,203,258,4.8
,1.39,1.26,4.19,4625332,21.5,129,43100000,67,204,352,9.3
,1.39,0.97,3.02,16118000,16.28,154,37000000,230,205,133,2.3
,1.39,1.36,3.01,2551656,13.83,331,12600000,350,206,262,4.9
,1.4,1.19,2.62,3589157,18.34,368,8700000,142,207,143,2.4
,1.4,1.34,3.6,25857578,14.98,296,17100000,303,208,17,0.7
,1.42,1.69,8.39,1020066,20.99,264,21400000,78,209,397,21.0
,1.42,1.11,2.82,28900000,15.81,10,198700000,251,210,305,6.9
,1.42,3.09,2.86,1480491,26.34,397,5189400,25,211,213,3.5
,1.43,0.94,3.3,33757295,21.17,43,93300000,71,212,169,2.8
,1.44,1.58,5.72,21943531,16.73,140,43100000,199,213,109,2.0
,1.45,1.37,3.1,22500000,20.77,58,78900000,82,214,214,3.5
,1.45,0.87,2.52,30000000,14.78,19,154330000,315,215,267,5.1
,1.45,1.2,3.47,36857091.1,17.61,21,147300000,167,216,230,4.0
,1.45,0.5,3.12,30362864,16.98,68,75239000,189,217,149,2.5
,1.46,1.15,2.6,20500000,15.96,70,71101000,243,218,208,3.5
,1.46,0.95,2.17,3189386,12.21,281,20487000,399,219,300,6.4
,1.46,0.72,2.4,11500000,15.42,105,56700000,279,220,261,4.9
,1.46,1.79,1.88,2255950,15.38,130,47680000,280,221,398,21.1
,1.46,1.23,6.29,27796254,27.55,74,67000000,17,222,142,2.4
,1.47,1.45,2.41,18865000,15.68,36,112000000,263,223,292,5.9
,1.47,0.3,5.37,445284,19.8,411,3239000,103,224,318,7.3
,1.48,1.93,2.48,3589369,14.97,246,25000000,304,225,309,7.0
,1.48,1.01,2.42,21536000,11.84,41,110850000,407,226,268,5.1
,1.48,1.17,2.63,5039569,14.92,268,21600000,305,227,238,4.3
,1.48,1.28,3.65,22653000,19.54,53,79500000,112,228,215,3.5
,1.48,1.41,4.02,13177289,26.6,169,38330000,22,229,175,2.9
,1.48,1.43,3.59,21095430,23.86,170,33200000,39,230,88,1.6
,1.5,1.77,3.38,24635000,18.19,173,33700000,149,231,66,1.4
,1.5,0.85,3.51,3428344,14.67,315,15500000,319,232,246,4.5
,1.51,0.73,2.81,13200000,13.31,122,48900000,366,233,222,3.7
,1.51,1.1,2.8,10816558,13.82,92,61478425,351,234,284,5.7
,1.52,1.74,2.32,3447668,18.95,248,24600000,127,235,314,7.1
,1.52,0.48,4.06,2858022,12.25,369,9500000,398,236,196,3.3
Fusioniert zu Kreissparkasse Westerwald-Sieg,1.54,1.92,2.53,6508493,15.43,221,30409000,277,237,254,4.7
,1.55,1.81,7.06,10816323,30.07,174,36500000,11,238,200,3.4
,1.55,0.76,2.57,18688512,12.52,100,61500000,395,239,193,3.3
,1.56,1.97,2.84,818750,18.05,412,3300000,152,240,233,4.0
,1.58,1.63,5.3,1326895,20.98,99,59700000,79,241,411,45.0
,1.58,1.32,3.49,8500000,18.84,277,20915000,130,242,146,2.5
,1.59,1.03,3.48,32532348,15.77,23,148000000,253,243,247,4.5
,1.59,1.05,3.6,13700000,17.96,55,97000000,155,244,313,7.1
Fusioniert zu Sparkasse Hegau-Bodensee ,1.59,1.54,2.86,2244979,14.64,364,10294000,320,245,250,4.6
,1.62,1.35,2.76,1086037,13.1,338,13200000,376,246,376,12.2
,1.62,2.02,3.55,9517946,16.15,184,35148000,235,247,221,3.7
,1.62,0.97,3.65,35547000,18.1,31,126700000,151,248,217,3.6
,1.63,1.27,2.99,2366149,13.28,342,14900000,368,249,297,6.3
,1.64,1.06,3.73,52376000,19.54,27,147000000,112,250,173,2.8
,1.65,1.03,5.79,6141671,19.99,308,16939000,99,251,167,2.8
"Am 31.8.2015 fusionierte die Sparkasse Gronau mit dieser Sparkasse. Im Jahr 2014 hatte Gronau eine NPL-Quote von insgesamt 0,98%.",1.65,0.64,3.61,27800000,16.16,33,128700000,234,252,251,4.6
,1.66,1.66,4.75,10327468,20.24,303,20673000,92,253,113,2.0
,1.67,1.63,3.9,15930000,24.36,168,42500000,37,254,163,2.7
,1.67,1.44,3.09,17100000,17.82,117,55000000,161,255,188,3.2
,1.69,1.49,4.15,752512,17.94,410,4503000,156,256,294,6.0
,1.7,1.38,4.97,1451662,17.88,324,16800000,158,257,373,11.6
,1.7,1.44,3.47,6048713,19.88,309,18100000,101,258,182,3.0
"Am 1.5.2015 fusionierte die Stadtsparkasse Freudenberg mit dieser Sparkasse. Im Jahr 2014 hatte Freudenberg eine NPL-Quote von insgesamt 3,92%. ",1.7,0.72,3.15,8900000,14.3,106,66200000,331,259,325,7.4
,1.7,2.52,1.79,739350,14.33,407,5400000,328,260,322,7.3
,1.72,2.14,9.16,4335419,15.68,290,25155000,263,261,288,5.8
,1.72,9.25,4.6,3506355,18.26,335,15300000,145,262,241,4.4
,1.74,1.21,2.94,3323006,17.59,282,24200000,168,263,319,7.3
,1.74,4.06,4.03,6513335,28.11,355,12569000,16,264,106,1.9
,1.75,1.7,2.65,31600098,14.25,29,159000000,334,265,265,5.0
,1.75,0.58,6.69,1120461,13.96,405,5930000,341,266,273,5.3
,1.76,1.19,4.24,6628000,14.83,104,63800000,311,267,358,9.6
,1.76,3.7,3.82,5388276,23.23,291,22900000,46,268,237,4.2
,1.77,1.5,3.88,11930643,16.84,52,101000000,197,269,345,8.5
,1.77,3.13,3.83,12658319,27.38,197,36106000,19,270,174,2.9
,1.78,2.12,2.84,7686331,18.4,305,20100000,140,271,159,2.6
,1.78,3.93,9.33,3214083,35.32,370,10400000,3,272,189,3.2
,1.79,1.09,4.0,3997991,13.93,356,13000000,345,273,191,3.3
,1.8,1.8,3.71,2939066,16.86,200,39100000,196,274,381,13.3
,1.81,1.65,3.44,20000000,14.49,153,47000000,322,275,140,2.4
,1.81,0.85,3.76,5951054,12.67,297,22100000,391,276,223,3.7
,1.83,1.09,4.39,7333197,12.91,214,39006000,382,277,275,5.3
,1.84,2.34,2.43,6639235,14.1,237,34484000,339,278,270,5.2
,1.84,1.43,4.4,4204590,12.83,293,24974000,386,279,293,5.9
,1.84,1.23,2.87,17620552,15.04,132,56300000,298,280,187,3.2
,1.85,0.61,4.09,2190310,11.7,312,21300000,409,281,359,9.7
,1.85,0.99,3.31,5767705,15.76,191,40000000,255,282,307,6.9
,1.86,0.72,4.54,25678385,22.22,83,77100000,52,283,183,3.0
,1.86,0.57,5.3,6964949,15.22,192,42190000,286,284,295,6.1
,1.86,0.87,3.92,17300000,15.98,126,60542000,242,285,212,3.5
,1.86,2.19,4.8,15923000,17.16,93,76400000,185,286,259,4.8
,1.86,1.38,4.62,4114000,20.0,160,50100000,98,287,377,12.2
,1.88,1.49,4.5,7496879,13.0,257,30207000,379,288,232,4.0
,1.88,1.04,3.34,225428,13.54,394,7400000,360,289,408,32.8
,1.88,1.45,4.52,4832425,13.84,311,22896000,348,290,256,4.7
,1.88,1.32,4.25,57600000,16.65,16,214300000,203,291,224,3.7
,1.89,1.39,4.72,11695000,18.71,144,55200000,134,292,255,4.7
,1.9,0.99,5.01,4580897,15.49,176,44873000,275,293,360,9.8
,1.9,1.35,4.18,57600000,15.12,28,189700000,293,294,194,3.3
,1.9,0.2,4.02,12600000,16.33,202,40800000,225,295,190,3.2
,1.9,0.72,5.29,1709263,13.67,380,9900000,356,296,287,5.8
,1.91,2.26,2.79,911421,13.92,362,13300000,346,297,384,14.6
,1.91,1.38,4.32,9405057,18.41,247,33500000,139,298,216,3.6
,1.91,1.13,3.93,1704757,15.73,387,10000000,257,299,291,5.9
,1.92,0.55,3.8,3062600,12.04,203,39000000,404,300,380,12.7
,1.94,1.29,3.87,4347396,13.49,329,19100000,364,301,242,4.4
,1.94,1.03,5.19,10759000,18.32,75,90300000,143,302,343,8.4
,1.95,2.16,2.85,421447,14.86,408,5225000,308,303,378,12.4
,1.95,1.47,4.27,7542538,15.23,194,40000000,285,304,274,5.3
,1.96,1.72,4.73,16731000,14.23,91,77500000,336,305,252,4.6
,1.96,1.0,4.87,1978584,18.6,402,6626000,137,306,198,3.3
,1.98,0.7,5.88,10205786,17.99,232,35400000,154,307,209,3.5
,1.98,1.98,2.49,11623048,13.27,88,83415000,369,308,315,7.2
,1.98,1.25,3.7,7931190,16.52,278,29564000,209,309,225,3.7
,1.99,0.8,4.21,1626268,18.21,392,8595000,148,310,272,5.3
,2.0,1.97,6.56,5491864,17.27,353,14500000,179,311,162,2.6
,2.02,1.8,2.55,5651000,13.53,314,22429000,361,312,229,4.0
,2.05,1.32,5.05,395683,22.0,415,3500000,56,313,349,8.8
,2.06,1.49,4.54,4331356,27.05,354,14800000,21,314,204,3.4
,2.06,2.17,4.23,1892220,12.74,358,14500000,389,315,329,7.7
,2.07,1.15,4.63,6656715,21.4,295,26200000,69,316,228,3.9
,2.08,0.76,8.08,2622588,20.53,375,12200000,87,317,253,4.7
,2.09,1.54,7.32,33354351,29.92,94,82200000,12,318,148,2.5
,2.12,1.56,5.05,36800000,19.03,69,101702000,126,319,168,2.8
,2.12,3.79,2.43,1257237,13.2,378,11473000,371,320,351,9.1
,2.13,0.75,5.07,6164555,15.55,208,43100000,269,321,310,7.0
,2.13,1.6,3.12,44769000,10.28,9,290700000,413,322,301,6.5
,2.14,2.32,4.67,9121121,16.35,77,91232000,222,323,362,10.0
,2.16,1.62,6.3,3587033,15.13,161,52500000,291,324,385,14.6
,2.16,2.5,3.86,6383079,18.78,263,36940000,133,325,286,5.8
,2.16,1.8,5.46,11998992,15.95,137,64300000,245,326,276,5.4
,2.18,1.51,5.12,8800000,19.2,138,61200000,121,327,308,7.0
,2.18,1.55,3.86,27100000,14.28,51,136100000,332,328,264,5.0
,2.19,2.71,3.22,9865022,14.8,220,42600000,313,329,239,4.3
,2.2,0.92,4.94,1131778,15.71,400,7200000,259,330,298,6.4
,2.2,1.57,6.03,5000000,21.21,96,83800000,70,331,390,16.8
,2.22,1.28,7.28,43000000,13.93,113,76684000,345,332,100,1.8
,2.23,2.47,5.03,8768711,20.2,177,49800000,93,333,283,5.7
,2.25,1.41,5.62,27200000,16.6,20,230700000,206,334,346,8.5
,2.26,1.29,3.36,3546021,14.87,384,12000000,307,335,203,3.4
,2.26,3.64,6.68,13898616,20.8,261,34034000,81,336,145,2.4
,2.3,2.26,5.9,4267443,16.34,319,22400000,224,337,271,5.2
,2.31,2.3,5.96,5838460,15.42,271,30100000,279,338,269,5.2
,2.33,1.97,4.33,4217268,14.07,334,20550000,340,339,260,4.9
,2.33,1.45,5.09,3650629,14.81,339,19960000,312,340,278,5.5
,2.36,1.61,5.29,4219223,15.05,272,35567000,297,341,344,8.4
,2.37,1.73,3.85,11433001,12.74,111,89100000,389,342,333,7.8
,2.37,2.06,5.45,5298532,16.41,313,23577790,220,343,243,4.4
,2.42,1.32,4.55,3600000,12.97,163,119300000,380,344,409,33.1
,2.42,1.15,7.77,1210737,15.17,372,14000000,290,345,371,11.6
,2.43,4.8,8.93,5524738,24.78,337,22900000,35,346,236,4.1
,2.47,2.1,6.13,1824613,15.06,371,15076000,296,347,340,8.3
,2.49,0.62,4.64,13100000,15.06,102,95600000,296,348,321,7.3
,2.49,1.78,4.61,4789792,19.16,310,26500000,123,349,280,5.5
,2.49,2.47,5.45,16111305,20.52,121,81500000,88,350,266,5.1
,2.5,1.79,5.69,5600000,15.17,229,43384000,290,351,331,7.7
,2.51,2.19,4.36,7251206,16.14,240,42149165,236,352,289,5.8
,2.52,1.66,3.58,24093968,13.56,123,87600000,359,353,219,3.6
,2.53,1.47,5.55,3000000,14.99,172,61800000,300,354,395,20.6
,2.57,2.75,7.13,8100000,21.05,148,67900000,77,355,342,8.4
,2.58,2.06,5.51,10355973,15.51,182,59469000,272,356,285,5.7
,2.61,2.92,5.12,3391625,16.46,300,32268000,215,357,356,9.5
,2.61,1.66,7.35,4970842,19.44,279,37100000,114,358,327,7.5
,2.65,3.24,4.49,25200000,24.85,35,177193000,33,359,311,7.0
,2.66,1.64,4.81,3351204,14.75,327,26220000,316,360,335,7.8
,2.66,1.75,9.97,499000,17.02,414,4700000,188,361,354,9.4
Fusioniert zu Westerwald-Sieg,2.71,2.12,6.94,6782659,16.2,260,41375000,233,362,296,6.1
,2.75,2.25,6.28,1465958,15.23,390,11837000,285,363,338,8.1
,2.76,0.66,6.57,5533538,16.32,189,64033000,227,364,372,11.6
,2.76,1.48,5.02,28218000,13.04,38,205100000,378,365,316,7.3
,2.77,1.66,10.84,3509566,13.14,330,25948000,373,366,323,7.4
,2.79,1.82,6.74,8357286,17.9,185,64500000,157,367,330,7.7
,2.79,1.44,5.42,8668712,14.7,48,170520000,318,368,394,19.7
,2.81,2.25,4.97,5120000,12.06,274,39721000,402,369,332,7.8
,2.92,1.57,8.46,2026827,15.67,409,8302700,265,370,235,4.1
,2.95,3.83,6.04,4618971,16.93,320,30343000,192,371,303,6.6
,2.95,1.53,6.74,3307816,14.91,347,24100000,306,372,320,7.3
,2.98,3.02,5.73,22500000,16.68,85,125600000,202,373,281,5.6
,3.0,4.73,11.64,17093269,21.1,198,57541000,74,374,199,3.4
,3.09,7.56,4.69,6266220,15.2,294,28700000,287,375,249,4.6
,3.09,1.59,5.63,10330000,17.03,141,89000000,186,376,347,8.6
,3.15,3.76,10.27,6032075,13.6,254,49333000,358,377,339,8.2
,3.15,1.39,6.85,1443015,16.13,406,10495000,237,378,317,7.3
,3.17,2.87,5.37,22041680,15.65,46,216700000,266,379,361,9.8
,3.17,2.47,7.12,24847188,18.8,127,100600000,132,380,234,4.0
,3.17,1.87,7.23,1983363,11.57,385,14735000,410,381,324,7.4
,3.22,1.45,8.27,2055392,17.58,301,36969000,169,382,392,18.0
,3.29,1.91,5.81,39900000,13.29,44,234000000,367,383,290,5.9
,3.32,2.19,8.24,7655141,19.64,206,67000000,106,384,348,8.8
,3.39,1.29,9.0,1583632,13.94,386,16271000,342,385,363,10.3
,3.56,1.62,8.42,573919,16.92,307,35900000,193,386,412,62.6
,3.59,1.23,6.03,1309099,17.99,323,31430000,154,387,403,24.0
,3.65,3.26,6.85,45000000,14.16,11,498787000,338,388,369,11.1
"Veröffentlichter Offenlegungsbericht ist ein Scan. Es sind Daten abgeschnitten, die vergebene Kredite enhalten könnten.",3.66,2.51,10.26,8753111,17.35,212,72721000,174,389,341,8.3
,3.79,1.52,13.16,172155,22.01,416,4946000,55,390,406,28.7
,3.91,1.34,12.01,1787251,16.47,195,80000000,214,391,410,44.8
Fusioniert zu Sparkasse Siegen,3.92,1.5,11.35,935102,15.32,403,15790000,282,392,391,16.9
,3.93,1.46,12.56,776089,17.17,413,8629000,184,393,370,11.1
,3.93,3.47,10.3,8500000,21.11,164,94100000,73,394,368,11.1
Fusioniert zu Niederrheinische Sparkasse RheinLippe,4.13,3.8,7.21,3328915,11.86,199,79500000,405,395,402,23.9
Fusioniert zu Sparkasse Hegau-Bodensee ,4.21,3.34,7.75,16800000,13.83,125,127504000,350,396,328,7.6
,4.21,2.03,7.56,8250043,12.05,222,78000000,403,397,355,9.5
,4.24,1.01,10.26,1259911,19.48,399,15304000,113,398,375,12.1
,4.63,1.73,8.74,19991109,11.84,175,109300000,407,399,277,5.5
,4.65,0.25,10.09,15235871,10.28,234,84065000,413,400,279,5.5
,4.67,5.7,7.51,3611671,13.43,343,38571000,365,401,366,10.7
,4.81,2.74,13.54,1319000,19.89,376,28900000,100,402,399,21.9
,4.87,2.12,11.2,6118233,14.43,218,96000000,326,403,388,15.7
,4.88,2.73,7.65,6974503,13.6,252,76928000,358,404,367,11.0
,5.43,1.59,12.65,3826528,14.22,348,40687000,337,405,365,10.6
,5.53,2.81,12.86,3942054,16.45,332,53190000,218,406,382,13.5
,5.55,11.18,7.13,1208050,11.03,395,22348000,411,407,393,18.5
,5.76,2.0,13.08,2036446,16.05,381,31964000,239,408,389,15.7
,5.81,4.39,16.66,16230985,18.62,361,41100000,135,409,152,2.5
,6.08,1.34,11.77,1811927,15.67,398,22530000,265,410,379,12.4
,6.47,1.21,13.13,26600000,13.5,112,254920000,363,411,357,9.6
Fusioniert zu Niederrheinische Sparkasse RheinLippe,7.36,4.54,15.97,-13500000,12.61,215,135600000,392,412,413,Keiin Gewinn
,7.84,3.99,11.94,2246178,14.72,393,31581000,317,413,383,14.1
Die Berliner Sparkasse befindet sich im Besitz der deutschen Sparkassen. Trägerin ist die Landesbank Berlin AG. Für diese Sparkasse haben wir keine Daten erhoben.,k.A.,k.A.,k.A.,k.A.,k.A.,419,k.A.,,,,k.A.
"Die Sparkasse Westerwald-Sieg ist am 1.6.2015 durch eine Fusion zweier Sparkassen neu entstanden. Die Kreissparkasse Westerwald hatte 2014 eine NPL-Quote von ingesamt 1,54% und die Kreissparkasse Altenkirchen von 2,71%.",k.A.,k.A.,k.A.,k.A.,k.A.,500,k.A.,,,,k.A.
"Die Sparkasse an der Lippe ist am 1.1.2016 durch eine Fusion zweier Sparkassen neu entstanden. Die Sparkasse Lünen hatte 2014 eine NPL-Quote von insgesamt 1,32% und die Stadtsparkasse Werne von 0,62%.",k.A.,k.A.,k.A.,k.A.,k.A.,501,k.A.,,,,k.A.
"Die Niederrheinische Sparkasse RheinLippe ist am 1.1.2016 durch eine Fusion zweier Sparkassen neu entstanden. Die Verbands-Sparkasse Wesel hatte 2014 eine NPL-Quote von insgesamt 4,13% und die Sparkasse Dinslaken-Voerde-Hünxe von 7,36%.",k.A.,k.A.,k.A.,k.A.,k.A.,502,k.A.,,,,k.A.
"Die Sparkasse Hegau-Bodensee ist am 1.1.2016 durch eine Fusion zweier Sparkassen neu entstanden. Die Sparkasse Singen-Radolfzell hatte eine NPL-Quote von insgesamt 4,21% und die Sparkasse Stockach von 1,59%.",k.A.,k.A.,k.A.,k.A.,k.A.,503,k.A.,,,,k.A.
"Die Sparkasse Hameln-Weserbergland ist am 1.1.2016 durch eine Fusion zweier Sparkassen neu entstanden. Die Sparkasse Weserbergland hatte eine NPL-Quote von insgesamt 1,25% und die Stadtsparkasse Hameln von 0,77%.",k.A.,k.A.,k.A.,k.A.,k.A.,504,k.A.,,,,k.A.
Die Haspa veröffentlicht keinen Offenlegungsbericht.,,,,200000000,k.A.,1,,,,,k.A.
Diese Sparkasse veröffentlicht keinen Offenlegungsbericht. Im Geschäftsbericht 2014 beträgt das Kundenkreditvolumen 7.184 Mio. EUR.,,,,85000000,k.A.,4,,,,,k.A.
"HASPA Finanzholding hält 65,8% der Aktien der Sparkasse. Die Sparkasse veröffentlicht seit 2014 keinen eigenen Offenlegungsbericht.",,,,4576903,k.A.,196,,,,,k.A.
