plz,id
60549,4
67308,254
06343,264
24997,38
51465,3
24884,38
21730,234
25774,349
29590,176
52351,93
96152,190
28879,258
27249,226
25591,100
89129,46
02799,115
46348,33
65344,10
97282,26
02906,115
24991,38
21369,135
85622,15
99846,231
84085,90
04626,302
10997,419
48145,18
68647,116
67826,81
95447,155
21279,88
96260,146
51379,103
93138,72
74429,105
88353,56
80333,5
86833,75
06567,321
35583,160
09353,74
42697,151
97299,26
83376,180
06847,337
59227,18
68239,49
27612,163
53947,200
89281,181
97922,121
08132,128
94538,131
99510,73
71083,25
65614,305
72654,20
49770,102
49597,255
77796,300
52531,111
24635,48
68169,49
29339,143
06772,261
97215,190
16269,239
74388,24
90459,13
27356,191
16556,12
31033,65
42115,29
31228,235
08538,109
95239,86
76889,107
94439,205
37290,202
84558,145
32257,57
29392,108
81245,5
22455,1
74417,55
81735,5
66994,167
76776,201
67251,80
79576,153
24799,34
90475,13
34212,171
27607,163
86486,101
93342,193
26532,172
87629,66
35066,164
42399,29
94209,269
74321,16
34434,240
99894,292
07427,284
64646,170
49809,102
85659,186
71696,16
17034,276
69181,30
49838,102
84307,205
97488,142
25348,100
87496,66
09122,74
87541,66
87534,66
94136,131
14059,419
04936,209
51143,2
17337,357
36323,54
96484,146
31634,211
29227,143
88281,56
17091,276
67595,116
81545,5
47802,21
50672,2
58097,134
46509,104
67724,254
66839,85
10117,419
41749,21
90431,13
21129,203
36219,177
20253,1
85088,286
07426,284
83135,62
08144,128
85276,286
76779,201
45549,384
47839,21
97355,26
82343,15
13057,419
21357,135
79694,395
61352,61
94513,341
17495,99
97753,26
79206,273
13059,419
78078,91
98597,216
24897,38
67699,77
96178,84
26826,139
07639,192
39606,270
83131,62
01259,7
21717,234
77833,319
72202,11
01127,7
04657,17
93051,72
99518,73
99428,73
65626,10
87452,66
75053,76
68526,49
94419,82
45527,309
67069,37
24238,34
72275,195
74523,105
26842,139
83417,180
25488,48
65399,10
97453,142
44379,22
84101,193
01900,7
30629,6
04349,17
26384,307
58730,410
91477,190
29614,295
30982,6
56288,242
74255,24
06808,198
97846,26
59269,329
57439,271
26954,19
83098,62
61138,59
15328,239
96187,84
63128,89
48727,33
25597,100
28359,9
83533,306
83735,208
61239,54
59929,281
63933,188
71159,25
72664,20
86916,204
66399,214
22761,1
55120,165
27572,163
21354,135
09337,74
99092,73
24401,38
71139,25
09456,64
28832,141
27624,163
42553,97
64331,63
42477,361
63879,71
84347,205
39619,308
72359,96
26689,19
17329,357
07937,174
02708,115
73344,51
44319,22
97289,26
68794,28
85235,133
41836,111
40789,8
21723,203
90619,190
91757,87
24159,34
74385,16
79254,297
16868,303
36041,83
24376,38
10829,419
66869,194
56182,68
72108,52
92442,179
97078,26
73669,20
09221,64
77977,69
87674,66
23628,120
82445,288
18195,113
04552,17
28215,9
85456,186
25876,38
13187,419
88069,67
84547,145
95152,86
25588,100
34626,171
34508,164
96170,84
67346,37
94541,183
97714,250
66133,32
95199,86
87727,75
01477,7
59590,407
67149,80
87746,75
41466,36
25704,100
63906,188
94151,341
24598,48
84082,90
15859,136
79279,44
56850,129
42699,151
33104,31
04603,302
01796,7
67714,167
95364,152
21360,135
59558,256
83454,233
73326,51
73277,20
97424,142
77740,69
94169,341
66780,85
95352,152
88456,35
79219,273
78609,112
31008,65
59302,18
74369,16
06231,78
44793,39
86935,204
54587,332
34549,164
55257,165
56751,212
89155,46
81371,5
85408,359
56333,68
74545,105
68789,30
78662,127
57223,106
69253,30
92533,179
35440,168
38536,108
77716,300
39164,227
74855,161
95176,86
29484,176
92361,162
02748,115
97708,250
95182,86
49832,102
04509,17
18225,113
02633,230
06682,159
42117,29
19205,290
34323,171
75181,11
82008,15
27404,191
54649,257
26935,19
84375,205
88693,326
88149,75
04103,17
93333,193
91286,217
18230,113
23996,290
91620,366
69226,30
97631,285
83670,166
40670,36
66564,237
07980,174
24893,38
63869,71
56076,68
09619,110
88447,35
59379,501
01454,7
31600,211
79682,126
79862,393
97450,26
25840,38
25887,38
77948,69
74541,105
12349,419
72584,53
24644,338
16540,12
59609,394
74864,161
74423,105
77866,228
56307,169
58095,134
18279,113
71672,16
42551,97
87494,66
85661,15
74544,105
04109,17
94164,131
69436,161
95683,249
13587,419
80797,5
75323,11
98716,289
04880,17
65479,124
04107,17
42287,29
21770,163
58553,185
27245,226
27574,163
97337,26
31311,6
74392,16
63791,71
27305,123
13089,419
86735,383
02736,115
86682,304
77770,69
76474,224
73312,51
13583,419
24963,38
08309,64
06110,78
75389,11
01219,7
97080,26
56348,10
98553,370
35585,160
97705,250
06237,78
27628,163
02826,115
25596,338
23820,48
94267,269
14165,419
17438,99
88430,35
15913,12
86875,253
91592,366
06785,261
33165,31
83229,62
54646,257
87634,66
36320,54
67146,80
39130,157
76770,201
12277,419
95448,155
06577,321
12307,419
87663,66
09579,64
79271,297
78597,112
72362,96
58840,222
40764,252
33617,42
93161,72
67582,116
47059,43
97654,285
78087,91
86643,316
76767,201
49134,41
12621,419
67811,254
60435,4
24885,38
98693,289
76571,182
01731,7
53177,2
73117,51
29594,176
72667,20
86495,47
78582,112
81479,5
74635,218
61231,54
10247,419
26556,139
48496,92
17493,99
94143,341
64401,149
98596,216
75196,11
27449,234
55494,242
53859,3
09392,64
41061,58
08062,128
70806,16
85598,15
55131,165
35091,94
51109,2
44227,22
86956,336
66352,32
18519,99
76351,28
53127,2
74177,24
23795,48
33699,42
74372,16
97522,283
79695,395
55559,81
85134,79
24976,38
78606,112
04420,17
55765,263
41751,21
73565,55
57368,271
37127,392
82278,95
22955,45
26899,102
28237,9
47800,21
94157,341
76872,201
74206,24
24855,38
25776,349
56642,212
87766,75
71131,25
34117,50
25370,48
55437,81
04824,317
91619,190
61200,54
89231,181
28239,9
66663,220
65201,10
48480,102
82024,15
86660,304
09366,64
46149,137
29367,108
67691,77
54608,257
58454,175
74395,16
86980,66
23974,290
87757,75
98704,289
65936,4
30165,6
39340,227
17235,367
12355,419
22309,1
97259,26
30457,6
01257,7
67373,37
85053,79
53129,2
14929,12
39175,330
86675,304
54689,257
25855,38
86504,47
89567,173
53894,200
14467,12
58453,175
69439,161
52222,14
28307,9
97956,121
89584,46
22765,1
67757,194
97842,26
44225,22
65366,10
75339,11
91096,60
64750,232
13591,419
16767,12
41236,58
09232,110
17033,276
16766,12
13055,419
15295,136
32832,31
77955,69
72296,195
95355,152
37299,202
46240,279
67471,80
04600,302
54662,257
04703,325
73433,55
45307,23
29476,176
19217,290
47229,43
68161,49
29399,108
21220,88
06686,159
97241,26
84144,90
66507,167
41849,111
31139,65
08412,128
99102,73
56656,206
50969,2
91586,119
08523,109
85283,286
25746,349
86830,101
97276,26
04610,302
70825,16
78727,127
73347,51
39110,157
25836,38
36043,83
75328,11
91593,190
40595,8
56191,68
04356,17
20249,1
08267,109
96173,84
96369,152
07616,192
85098,79
67705,77
31711,138
93049,72
91734,340
29413,308
91610,366
99817,231
98746,284
04736,325
53881,200
78132,300
37075,122
80636,5
91438,190
24813,38
39326,227
32049,57
42859,246
59192,360
13359,419
53844,3
90617,114
49774,102
54459,70
87463,66
84576,145
07927,320
63589,277
67813,254
19406,353
22307,1
31675,138
92421,179
65933,4
42107,29
30938,6
75057,76
63762,71
66976,167
53123,2
92364,162
23779,45
28217,9
84072,193
10319,419
79189,273
14050,419
23972,290
36369,54
97534,142
99759,296
56567,169
66851,77
95488,155
38640,248
93149,179
27755,19
04827,317
73434,55
93182,72
47228,43
44141,22
85290,286
63549,59
97084,26
55263,81
97082,26
35110,164
65346,10
21726,234
71394,27
72631,20
73207,20
31171,65
93059,72
42289,29
90766,114
39443,150
85095,298
25863,38
37284,202
32339,144
75334,11
83334,180
66125,32
86853,101
26810,139
63691,54
30163,6
04328,17
95469,249
23715,45
46354,33
09243,74
25709,100
79736,126
66620,293
97517,250
21337,135
67827,81
55430,242
57319,313
24116,34
84092,90
35325,54
23843,45
48161,18
78655,127
04931,209
38268,235
01099,7
92259,178
35713,266
17491,99
21256,88
85457,186
25479,48
74078,24
97688,250
08239,109
73466,55
98590,216
95236,86
77776,382
24809,34
24616,100
85413,359
99991,291
52355,93
71522,27
23627,120
29351,143
76751,201
79589,153
47661,21
75179,11
52499,14
67165,37
91365,217
91247,13
89362,210
34121,50
91077,217
79429,154
88279,56
90449,13
50226,3
97633,285
07586,174
97535,142
74405,105
45964,335
92265,178
25551,100
51766,3
34477,164
95100,86
54687,257
25379,100
25873,38
29451,176
64354,149
81241,5
10587,419
37214,202
92275,178
04849,17
54529,257
14669,12
03055,118
18198,113
03172,118
90482,13
63916,188
71636,16
97762,250
97513,142
97421,142
25715,100
97999,121
06458,148
67473,80
01936,7
10789,419
25866,38
67161,80
02979,7
92539,179
86316,47
91807,87
06780,198
21785,163
25926,38
24247,338
23777,45
37199,324
82496,288
87490,66
83451,233
95515,155
85417,259
09669,110
98574,216
74547,105
27232,226
96182,84
79650,334
58636,229
98630,370
33619,42
97461,283
10551,419
63863,188
33813,117
92287,178
54538,129
78567,112
56584,169
29394,176
96110,84
66798,85
37191,278
84175,90
91207,13
37218,202
18546,99
26386,307
65462,124
79400,154
24817,38
60598,4
83342,180
58239,348
49549,92
24118,34
83395,233
63579,277
94336,82
96114,84
09224,74
78661,127
85131,298
26553,172
18239,113
71093,25
63776,71
55490,242
79100,44
85764,15
29465,176
79256,297
87439,66
71277,25
24999,38
35649,160
51674,331
72539,53
49448,226
91099,217
76703,76
67150,80
21706,234
36414,231
44651,197
38179,108
73072,51
12057,419
27809,19
95126,86
93092,72
24402,38
85129,79
65193,10
37216,202
72189,127
93186,72
96277,152
91220,13
50171,3
10318,419
92266,178
23818,48
71063,25
84489,145
76689,76
13437,419
56276,169
34260,50
25582,100
02957,115
48147,18
95466,155
87665,253
85635,15
14776,12
27721,258
44809,39
73108,51
24882,38
91792,87
72810,52
40229,8
17506,99
69259,30
83362,180
07778,192
35041,94
46569,502
89150,46
51515,3
19230,184
86169,47
01662,140
67823,254
09633,110
34355,392
78183,91
93080,72
49401,19
67256,80
26849,139
09569,110
10553,419
71543,24
66578,237
23968,290
25980,38
56727,212
39264,198
82541,166
27259,226
42653,151
93185,241
47249,43
86517,101
74869,161
51647,272
56179,68
13159,419
71717,24
96524,355
67466,80
96117,84
75305,11
97279,26
97791,26
21218,88
14057,419
37133,122
19249,184
35466,397
87666,253
37308,287
24869,38
55271,81
95692,249
50765,2
01139,7
21438,88
45731,40
86923,204
69518,170
25826,38
84416,186
85416,359
31606,211
38479,108
59964,281
98744,284
50968,2
66981,167
46242,279
51107,2
06130,78
24220,338
04523,17
27616,163
80992,5
96149,84
24245,34
77709,382
13465,419
73499,55
55627,81
07749,192
18196,113
12279,419
26349,19
79774,126
18513,99
06571,321
66646,293
35799,305
06632,159
35112,94
26419,19
07924,320
31032,65
24891,38
45897,98
06869,261
89195,46
75228,11
97816,26
31698,138
17213,351
49124,41
76139,28
22297,1
06679,159
34633,171
88489,35
44289,22
78628,127
34439,240
86438,47
79837,393
76297,28
08236,109
74420,105
49699,19
21035,1
94544,131
93354,193
99084,73
52459,93
93499,241
99831,231
54528,129
58507,185
74219,24
87761,75
55234,116
50935,2
49219,41
12526,419
55768,263
18109,113
96135,84
78667,127
94554,183
92551,179
48455,213
50999,2
65582,10
29393,108
23845,48
72829,53
79588,153
54316,70
67737,77
14770,12
33039,240
40667,36
23746,45
74214,218
25864,38
13409,419
78591,112
04249,17
77728,69
57399,271
38559,108
26188,19
94264,269
67319,80
76848,167
90419,13
67727,254
36160,83
86701,316
25724,100
88487,35
73035,51
91217,13
55442,81
80539,5
25856,38
20097,1
77815,319
47058,43
01458,7
25924,38
66126,32
14052,419
21398,135
96346,152
88427,35
72766,53
53949,200
90559,13
24239,196
94574,183
30559,6
03197,118
76669,76
39279,330
94496,131
79194,44
89358,210
75395,11
64853,149
75397,11
91626,404
97717,250
79415,153
35444,160
88697,326
71292,11
79674,395
97904,188
91154,87
21734,234
51643,272
78467,67
27318,211
83629,208
79592,154
04654,17
53842,3
25725,100
50259,3
79346,44
56317,169
88317,56
10969,419
45279,23
87772,75
47198,43
95188,86
95183,86
96367,152
97657,285
35315,54
30175,6
87647,66
90599,190
75173,11
24589,196
32052,57
76709,76
23948,290
86704,304
94447,183
09423,64
76307,28
85125,298
35239,94
89257,181
21709,234
40210,8
72639,20
56068,68
82294,95
79104,44
92552,179
91330,217
97334,26
82223,95
45472,130
54595,257
97237,26
66482,167
54311,70
18609,99
15749,12
95703,249
71032,25
04862,17
99842,231
27711,258
40213,8
91245,13
01723,7
21386,135
31737,138
24582,338
17459,99
91336,217
14532,12
95179,86
21737,234
38531,108
89182,46
25923,38
09634,110
08223,109
65931,4
66589,237
53489,206
84036,90
78262,311
46145,137
10559,419
21335,135
34497,164
63796,71
22965,45
97508,142
34519,164
72657,20
73099,51
23554,147
63741,71
64753,232
94557,183
36277,177
41564,36
18435,99
25999,38
88379,56
70736,27
23617,45
63526,59
07552,174
49088,41
42651,151
76877,107
50733,2
92536,179
74394,16
88633,326
19243,184
31167,65
76337,28
14558,12
91590,119
54568,332
24646,196
66957,167
86949,204
87659,66
22885,45
97199,26
09600,110
94133,341
56253,129
33129,402
73732,20
71726,16
86447,267
29225,143
63619,277
94371,82
39646,227
53426,206
55566,81
38465,108
49080,41
91088,60
89179,46
76228,28
24145,34
78073,91
76133,28
96167,84
25785,100
84028,90
73547,55
24628,48
94146,341
69427,161
24223,34
54296,70
17258,367
17248,351
54523,129
90602,162
25579,100
46485,502
99326,289
21224,88
85469,186
20537,1
45968,335
93471,269
97775,26
37235,202
25371,48
49186,41
87616,66
76530,182
56864,129
25992,38
36280,171
67169,80
42555,97
67240,37
06849,337
38829,148
28844,123
93142,179
15299,136
32545,339
44791,39
34576,171
28213,9
06308,264
84381,205
60322,4
91249,178
17389,99
64832,149
94553,82
79244,273
55496,242
60437,4
66386,214
04749,325
55268,165
07929,320
31188,65
56355,10
91731,119
63667,54
24106,34
23816,48
83364,233
95346,152
79805,376
39596,270
72401,96
41540,36
61130,59
72178,195
23562,147
29485,176
83257,62
15738,12
17094,367
92439,179
63924,188
50737,2
49205,41
08459,128
79739,154
66557,237
12683,419
67472,80
76773,201
89168,173
95131,86
94158,341
01737,7
75446,11
78343,503
88147,56
22962,45
69437,161
84378,205
48712,33
91628,366
53560,169
06889,261
27793,19
54584,332
86842,75
24143,34
93109,72
51588,331
86931,204
88299,56
94579,341
16928,344
61350,61
86570,267
72475,96
90441,13
51702,272
86508,267
93101,72
34431,31
27211,123
76532,182
98593,216
21729,234
91809,298
63594,277
24407,38
22087,1
63452,59
79356,44
88444,35
67227,80
21033,1
19079,353
22851,48
37079,122
47929,21
59065,207
04889,17
79539,154
83543,306
94149,131
26909,102
38644,248
15234,136
79276,44
84107,90
73105,51
79199,297
21394,135
29364,143
78603,112
55597,116
27801,19
66497,167
90451,13
76726,201
87538,66
48356,92
83233,62
26835,139
86748,304
51377,103
91352,217
55124,165
30625,6
10589,419
34131,50
86863,101
76661,28
53879,200
09356,74
55578,116
76596,224
07557,174
06333,264
17367,357
76227,28
44536,501
21382,135
71737,27
35768,266
59394,33
96194,84
86754,304
33739,42
51061,2
66484,167
72355,96
84032,90
86415,47
82449,225
16278,318
93309,193
65552,247
89296,181
52076,14
01623,140
59320,18
37339,287
95497,155
04416,17
91635,366
17154,276
13595,419
34587,171
97828,26
93473,241
56630,212
51069,2
54453,70
63628,375
51467,3
65232,10
71579,27
13469,419
86971,336
66849,77
51399,3
79114,44
97848,26
85465,186
10178,419
96358,152
24866,38
86983,66
72367,96
41468,36
14480,12
09376,64
34329,50
35083,94
29482,176
34326,171
88450,35
66903,194
54655,257
89174,46
24793,196
53179,2
02699,230
86877,101
23570,147
78595,112
04932,209
88145,75
67701,77
53547,169
63875,71
37194,278
80798,5
74248,24
56133,10
40231,8
59067,207
35075,94
79106,44
94535,131
23623,45
74927,76
74585,105
30989,6
29591,176
63840,188
73095,51
67166,37
82256,95
83308,180
01612,140
77889,69
06638,159
95707,86
87760,75
79807,126
95505,249
23747,45
97794,26
68799,30
48612,92
85356,259
93105,72
48361,18
84095,90
32130,57
09123,74
52072,14
85402,259
22113,45
78315,503
22889,45
72800,53
25712,100
25862,38
14727,12
55777,263
21635,203
35392,168
55232,116
86989,336
28325,9
44628,197
33442,158
14195,419
86653,304
95676,249
73614,27
78554,112
31603,211
73249,20
92242,178
02791,115
42105,29
04720,325
65934,4
96279,146
57520,10
90571,13
77836,319
76879,107
56648,212
73102,51
95194,86
94034,131
16244,238
99427,73
30177,6
56299,212
12207,419
50859,2
71157,25
80993,5
50389,3
66359,85
87669,66
94118,341
69514,49
63457,59
83703,208
45355,23
74925,76
36217,177
85419,359
07330,284
89180,46
52156,14
84160,90
93164,72
49637,255
18147,113
60389,4
78658,127
84163,82
53501,206
86679,101
56291,242
55294,165
59329,329
14542,12
67459,37
24647,408
47877,21
51063,2
17166,113
79787,126
99090,73
99826,231
32278,57
47506,104
93083,72
02959,115
74232,24
97516,142
38551,108
73569,55
67065,37
95173,86
50127,3
29459,176
72760,53
75015,76
25576,100
83487,233
40211,8
86920,204
25336,322
54657,257
59510,236
82547,166
25858,38
17255,367
77797,378
64579,124
99837,231
89077,46
69242,30
72076,52
14109,419
76599,224
41169,58
97320,26
74235,24
85305,286
63679,54
09430,64
49525,385
56316,169
29320,143
66127,32
50937,2
07554,174
78665,112
89555,173
08280,64
16818,303
55592,81
34560,171
80937,5
37249,202
82467,288
86684,316
54439,70
59889,358
41379,21
21368,135
46325,33
41464,36
87758,75
95682,249
01909,230
99958,292
67716,167
94142,341
47138,43
86157,47
74196,24
66265,32
17214,351
97509,142
14774,12
20146,1
33332,189
85247,133
19273,135
67707,77
84174,90
53913,3
41179,58
36272,177
46499,502
42349,29
71577,27
31195,65
10623,419
85464,186
22337,1
40545,8
10405,419
86152,47
87509,66
13347,419
24811,34
09387,64
86678,101
45701,40
76448,224
93089,72
31174,65
97900,121
84189,90
06118,78
45329,23
13593,419
56170,68
76189,28
40589,8
06184,78
72414,96
03053,118
60316,4
37186,278
78239,503
85643,15
95028,86
54589,332
24366,34
49477,92
23743,45
40468,8
42579,132
66954,167
74542,105
73660,27
37130,122
95686,155
98617,216
59757,280
92342,162
01896,7
63454,59
95460,155
74613,218
74366,16
56865,129
97799,250
08499,109
25355,48
24625,338
86944,204
21698,234
06112,78
01328,7
52066,14
48720,33
93494,241
54516,129
59555,256
22043,1
55487,242
71397,27
21388,135
29487,176
48301,33
50931,2
45143,23
07926,320
86807,253
28211,9
50674,2
84579,145
94051,131
55128,165
49824,213
47167,43
90574,114
74532,105
81827,5
88271,56
99439,73
87779,75
42111,29
16230,238
34253,50
67735,77
17279,318
95494,155
83075,62
07819,320
99820,231
71336,27
78532,112
24960,38
72280,195
06408,150
51545,3
25524,100
10245,419
17498,99
87437,66
57080,106
93053,72
16348,238
18469,99
91257,155
59602,256
07549,174
34298,50
79274,297
93194,241
39116,157
40885,97
97493,142
02997,7
08527,109
34314,50
79297,44
71549,27
94163,341
32816,31
83317,233
63857,71
24354,34
56132,10
79801,126
81673,5
91629,119
07806,320
82296,95
86500,101
86571,267
96120,84
69245,30
97475,283
49170,41
55126,165
66115,32
97892,26
95509,152
39128,157
42899,246
25421,48
23881,120
72589,46
06803,198
67587,165
75365,11
83700,208
71282,16
56295,212
26892,102
31096,65
94139,131
97500,283
96163,84
27804,19
79112,44
73765,20
46045,137
86424,101
73265,20
63846,71
48151,18
96332,152
78266,311
32107,117
39124,157
35630,160
17109,276
83737,208
39108,157
42283,29
99628,73
99869,292
81671,5
66424,214
22143,1
85778,133
99819,231
30655,6
67715,167
73119,51
12045,419
44801,39
63633,277
95189,86
39356,227
08258,109
61206,54
60323,4
86568,267
82239,95
38277,65
84152,82
14199,419
91097,328
09117,74
31867,138
35578,160
94560,183
26904,102
60596,4
95500,155
59872,358
12157,419
79364,44
70771,20
86747,304
97711,250
90542,217
67269,80
29597,176
21682,203
75245,11
91332,84
74427,105
37589,278
97273,26
29493,176
97239,26
96047,84
64743,232
38822,148
49828,213
53545,169
79868,297
74424,105
91282,155
25548,100
56305,169
45141,23
59199,360
93458,241
19260,184
97525,142
27751,19
19348,344
31628,211
66271,32
45276,23
96175,84
69469,49
31319,6
96515,355
88486,35
68649,116
31085,65
26465,139
50996,2
86720,383
41747,21
74746,121
09244,110
22587,1
55590,81
89143,46
12437,419
29633,295
83674,166
66629,293
18465,99
89189,46
29410,308
85521,15
88131,75
02796,115
93188,72
86879,75
88453,35
88471,35
52080,14
50189,3
56281,242
97072,26
74847,161
36396,375
86934,336
08066,128
92348,162
08541,109
72581,53
54669,257
53474,206
64754,232
82401,336
72587,53
54411,70
36329,54
15324,239
24326,34
26382,307
94437,82
82475,288
21614,88
67706,77
34376,412
58332,363
79872,393
98547,216
96361,152
87648,66
97209,26
92263,178
12107,419
39517,270
39171,227
64560,124
86167,47
31191,65
09111,74
87782,75
60438,4
24796,196
31234,235
94377,82
32602,57
31621,211
67454,80
88373,56
23774,45
53173,2
08304,64
04155,17
29582,176
76777,201
39167,227
41238,58
13503,419
31061,65
88171,75
34537,164
90614,114
03249,209
87547,66
24254,338
86153,47
04318,17
15537,136
84333,205
09603,110
01829,7
91484,190
21776,163
33014,240
56346,10
12587,419
44229,22
48249,33
72532,53
90427,13
89291,181
77756,300
74934,76
10119,419
97618,285
39118,157
72459,96
37297,202
91301,217
85560,15
47799,21
97859,26
29649,295
73271,20
27619,163
73257,20
06469,150
89233,181
87773,75
66969,167
24996,38
73760,20
42499,361
56841,129
97234,26
02953,115
31715,138
10115,419
95234,86
96528,355
35423,168
55583,81
84384,205
95688,249
17192,351
21073,1
15848,136
94575,131
83565,15
21227,88
97340,26
85445,186
74348,24
44892,39
03119,118
73262,20
49638,255
63834,188
86698,304
47443,104
41069,58
44532,501
13581,419
24890,38
99996,291
28790,258
51381,103
45136,23
81737,5
71126,25
68809,30
72461,96
42857,246
37434,350
33334,189
79771,126
91790,87
39114,157
35415,168
39649,308
87743,75
60327,4
89269,181
37083,122
78357,503
53797,3
31623,211
10709,419
96160,26
73340,46
36129,83
84562,145
74336,24
79285,273
31226,235
83122,62
85254,133
91183,87
35767,266
96237,146
71154,25
12359,419
86745,383
53121,2
41470,36
95490,155
56736,212
32609,144
97729,250
67136,37
80809,5
35460,168
24358,34
73054,51
48739,33
06456,264
49377,19
42659,151
51373,103
94577,183
85540,15
79618,154
66687,220
26721,356
89290,181
73349,51
42855,246
08058,128
27308,141
25761,100
56073,68
86845,101
19288,184
81379,5
40477,8
83313,180
41812,111
79541,154
14476,12
32429,144
91587,366
49545,92
74193,24
67378,201
27419,191
01156,7
56154,242
10409,419
83022,62
17373,357
32051,57
97232,26
06578,321
17098,367
91796,87
10243,419
59759,280
08141,128
24148,34
85462,186
47269,43
96190,283
72663,20
54647,257
89605,46
20354,1
47647,21
58849,185
91448,190
86672,101
45699,40
36088,83
90596,87
73572,55
24340,34
24896,38
91746,119
81667,5
73495,55
38550,108
24622,196
57639,169
31157,65
21379,135
66540,237
25868,38
76831,107
28876,141
84069,72
15890,136
09629,110
91632,119
13507,419
71334,27
35396,168
78351,503
65629,10
85653,15
03238,209
12101,419
36457,231
84329,205
56322,68
73110,51
76698,76
49610,255
73486,55
35452,168
26160,19
48429,262
93488,241
48366,92
09518,64
71679,16
79268,44
93453,241
25541,100
16909,303
88709,67
24619,48
85258,133
74909,30
31714,138
08115,128
91567,119
73577,55
34466,50
48565,92
97778,26
92262,178
34359,50
31088,65
91126,87
29229,143
88457,35
31707,138
74251,24
25792,349
40225,8
81925,5
26844,139
72124,53
40723,97
70794,20
23815,48
94104,131
66571,237
95659,86
77876,69
49413,19
74564,105
86937,204
26607,172
17391,99
45665,40
33335,189
50678,2
09228,74
74858,161
90530,87
66538,237
84034,90
19055,184
91233,13
38471,108
40882,97
50933,2
84552,205
06618,159
26655,19
69198,49
94548,341
26906,102
78250,311
89547,173
40237,8
22529,1
74080,24
68165,49
57076,106
99998,291
17153,276
63637,277
97243,26
94081,131
95030,86
29468,176
39343,227
86981,336
19246,184
53534,206
55481,242
48351,18
22559,1
92449,179
45711,40
07546,174
12203,419
96181,283
55450,81
12309,419
04910,209
95496,155
96191,84
85414,259
41460,36
58513,185
55543,81
85244,133
35625,160
45481,130
72770,53
69118,30
87544,66
83278,180
96269,146
54422,70
24539,48
58708,274
67745,194
29323,143
86514,101
93477,241
13158,419
79843,297
89355,210
97422,142
88361,56
99897,292
06295,264
49844,102
46147,137
49751,102
26388,307
63773,71
26725,356
86928,204
76477,224
85137,298
22085,1
02797,115
97953,121
83727,208
09116,74
71686,16
09557,110
88719,67
88718,67
56379,10
55286,116
73557,55
78601,112
56370,10
09477,64
65555,247
25495,48
54338,70
19061,184
28755,9
89079,46
36132,83
97947,121
56218,68
84573,145
82438,288
04209,17
49594,255
16247,238
23558,147
09235,64
87734,75
10317,419
17089,276
04442,17
95700,249
28357,9
72666,20
63856,71
30657,6
79227,273
49324,282
22145,45
29553,176
53937,200
66907,194
50823,2
95698,249
88521,35
40221,8
77694,228
69221,30
48341,92
08543,109
35745,266
79348,44
31137,65
97855,26
92253,178
18510,99
69517,170
63768,71
99891,292
98639,216
10707,419
12524,419
97283,26
10249,419
01279,7
97286,26
85625,15
76593,224
23552,147
82487,288
38533,108
38489,308
56130,10
77736,300
68775,30
18528,99
83373,180
26919,19
06888,261
90425,13
10435,419
25492,48
24986,38
82549,166
91602,404
75056,24
92331,162
55756,263
37077,122
73278,51
39444,150
24983,38
65396,10
77971,69
27367,191
12043,419
86750,304
66914,194
24989,38
91322,217
18337,99
01683,140
71566,27
78199,91
83544,306
47546,268
66709,220
86497,101
94379,82
76470,224
22967,45
45239,23
77975,69
76855,107
97702,250
23569,147
01844,7
78559,112
15907,12
06124,78
48653,33
74677,218
94344,82
49076,41
63911,188
82069,15
47226,43
89340,210
24248,34
79777,376
85221,133
40880,97
84180,82
55571,81
22081,1
92283,162
63683,54
63820,188
55239,116
93098,72
29352,143
54310,70
90579,114
63877,71
24369,34
78713,127
94036,131
71554,27
04861,17
26683,19
53562,169
26605,172
93476,241
96271,146
09509,64
14197,419
08328,64
98646,370
88525,35
94253,269
12161,419
94060,131
84061,90
16359,238
61194,54
53359,3
91622,119
41516,36
53227,2
82054,15
48165,18
64584,124
25860,38
02956,115
30966,6
74363,24
93491,241
09126,74
48153,18
98631,216
45219,23
73479,55
26434,19
45257,23
50679,2
63695,54
34286,171
68163,49
94353,82
25845,38
27476,312
59514,236
79798,126
29313,143
04277,17
80639,5
12489,419
25881,38
91801,340
91472,190
31091,65
26903,102
44329,22
31079,65
22589,1
18057,113
73463,55
29359,143
45721,405
88436,35
07407,284
38279,65
97843,26
24850,38
23812,48
10367,419
23683,45
91462,190
93356,193
24857,38
54636,257
73230,20
51371,103
35094,94
67593,116
96364,152
97845,26
86926,204
56626,212
27478,312
99976,291
40547,8
39261,198
78588,112
36103,83
54457,70
66123,32
04299,17
29473,176
54317,70
73453,55
87657,66
15868,12
82481,288
25581,408
04159,17
95506,249
35305,397
93449,241
81675,5
95503,155
72658,20
59457,342
85609,15
28717,9
91224,13
91180,87
76316,28
78462,67
88441,35
86866,101
79677,395
66649,293
82285,95
18246,113
33098,31
82031,15
64569,124
82538,166
67686,77
17489,99
35236,94
63500,89
96465,146
24814,34
94501,131
98660,370
21702,234
22453,1
86655,304
85630,15
36169,83
58644,229
19322,344
29471,176
45884,98
22607,1
37431,324
66459,214
92256,178
30459,6
71711,16
27324,211
72555,53
97280,26
44135,22
56566,169
81375,5
31099,65
72469,96
58313,389
32694,117
86940,204
77830,319
46238,279
25899,38
71067,25
47652,365
36119,83
69483,170
84556,145
98559,216
93170,72
23556,147
54456,70
88142,75
53229,2
17179,113
31558,138
06249,78
16833,303
97256,26
96450,146
83246,180
60314,4
24860,38
08525,109
93348,193
71665,16
86854,75
94424,205
34593,171
19075,184
31604,211
24392,38
50997,2
66119,32
17379,357
90489,13
90455,13
51147,2
29223,143
65385,10
35104,164
28327,9
12163,419
85640,15
37696,240
78549,112
12435,419
63839,188
15526,136
23992,290
42799,3
91469,190
84419,145
73733,20
23566,147
04279,17
61197,54
02763,115
42655,151
79780,376
64572,124
30851,6
13627,419
19374,353
31608,211
45899,98
82327,15
80331,5
53773,3
58509,185
71546,27
97342,26
72074,52
67592,116
06901,261
25813,38
89250,181
24601,34
67732,77
95445,155
71272,25
57078,106
18314,99
74653,218
07952,109
45879,98
79286,44
12103,419
89611,46
53578,169
86825,75
18437,99
93086,72
38271,65
48477,92
85092,79
25575,100
78739,127
93047,72
78187,91
84326,205
27333,211
01705,7
79426,153
97901,188
94363,82
15898,136
26219,19
44147,22
93485,241
44149,22
12589,419
57250,106
51597,3
37287,202
25486,48
99955,291
22175,1
54536,129
74189,24
89608,46
80804,5
82065,15
17121,99
55776,263
84367,205
67229,80
08547,109
23611,45
76865,107
83714,208
18146,113
78147,91
35576,160
29462,176
04229,17
74391,16
06537,264
31618,211
14129,419
86946,204
22299,1
30455,6
73467,55
85256,133
51688,3
87477,66
74670,218
66919,167
74399,16
86707,101
87642,66
12205,419
01217,7
25337,322
25794,349
46047,137
24306,34
72531,53
56075,68
67663,299
67725,254
94551,183
53508,206
89183,46
83550,15
79804,126
65199,10
94161,131
99310,289
97456,142
86986,336
37296,202
19300,184
02733,230
07368,320
44579,40
14621,12
06366,198
45896,98
91798,87
73252,20
75059,76
96154,84
27570,163
88263,56
87527,66
52538,111
84169,90
14913,12
74360,24
29585,176
23970,290
01734,7
18317,99
67295,254
82152,15
60486,4
86494,101
79875,393
15837,12
38879,148
77793,300
39126,157
65428,124
09217,110
36466,231
74850,161
50825,2
54332,70
25573,100
54472,129
96129,84
32120,57
06712,159
25788,349
06132,78
83043,62
23827,48
72768,53
07987,174
79692,334
74915,76
10719,419
46539,502
55599,116
18211,113
09439,64
99880,292
04895,209
57482,315
06388,198
63654,54
17209,351
74254,24
13355,419
54673,257
04105,17
97837,26
74257,24
73568,55
64397,63
24972,38
97851,26
21376,88
94530,183
55621,81
23936,290
80687,5
27777,19
01594,140
79585,154
02692,230
18107,113
72393,96
32839,240
66822,85
27753,19
63811,71
74639,218
25842,38
78256,503
08645,109
17321,357
17328,357
93173,72
38440,108
78056,91
93177,72
76887,107
12049,419
24837,38
48308,33
73491,55
89601,46
08289,64
83553,15
57299,368
12629,419
18320,99
56077,68
74834,161
26670,139
49451,19
90408,13
71638,16
95478,249
30419,6
58091,134
01129,7
56349,10
99867,292
72285,195
94086,131
54329,70
01159,7
96185,84
91522,119
67693,77
78166,91
44653,197
85229,133
72474,96
29361,143
22880,374
65375,10
24848,38
49429,19
31275,6
38468,108
85139,79
24649,48
78176,91
80802,5
66129,32
89610,46
09247,74
67126,37
03046,118
93359,90
67098,80
44143,22
72186,195
76356,28
19372,353
63828,71
24631,196
26548,172
22964,45
88178,75
55116,165
76833,107
54612,257
73650,27
17237,367
86673,316
59505,236
12055,419
79365,44
49632,19
82216,95
53819,3
93343,193
79877,297
64732,232
14823,12
74638,218
79688,334
25721,100
76707,76
13599,419
74238,161
26474,139
76761,201
82544,166
45663,40
85055,79
99087,73
66636,293
06846,337
29478,176
58285,310
14055,419
33602,42
79686,334
29593,176
18461,99
18374,99
48629,92
95679,249
83377,180
79361,273
86492,204
74821,161
67824,81
85051,79
66504,167
08261,109
25482,48
29365,108
85591,15
06794,198
72293,195
48159,18
51519,3
86465,101
12681,419
74865,161
20535,1
28757,9
25462,48
06648,159
25849,38
21358,135
84359,205
56659,206
01816,7
63486,59
38557,108
87549,66
32758,31
30823,6
78054,91
07422,284
45139,23
90584,87
91344,155
56599,169
19053,184
19357,344
64756,232
81549,5
86987,336
38530,108
91364,217
64289,63
14793,12
01768,7
32312,144
23999,290
02625,230
45476,130
88459,35
25364,48
67133,37
72119,52
09380,64
27299,141
35463,168
82291,95
91052,60
08248,109
21439,88
02827,115
26723,356
21647,88
69250,30
72218,11
06647,159
66606,293
86751,383
83673,166
91732,340
23568,147
26939,19
87480,66
03054,118
97854,26
44359,22
72361,96
38547,108
31595,211
14513,12
82110,95
75449,11
34621,171
31832,6
89597,46
94121,131
27499,1
84513,145
81825,5
74549,105
86663,304
49074,41
88515,35
26845,139
12051,419
21400,135
75180,11
46419,33
49716,102
85117,79
98554,216
35116,413
12687,419
02694,230
82205,15
17159,276
88364,56
25889,38
31699,138
83301,180
63936,188
95709,86
93339,193
94529,131
31555,138
97506,142
96482,146
98708,289
96268,152
37176,278
89349,210
22041,1
55471,242
22159,1
38820,148
34369,50
65550,247
55291,116
10555,419
23823,48
36381,375
97244,26
29396,108
86753,383
99425,73
96199,84
23829,48
28199,9
56598,169
72213,11
97769,250
92521,179
39638,308
06255,78
91785,87
79353,44
21644,234
95502,152
71134,25
09127,74
86874,75
94486,183
06721,159
22301,1
33142,31
39240,150
49504,92
54666,257
52428,93
04347,17
94563,183
63538,59
94474,131
74579,105
12487,419
54441,70
55296,165
12053,419
88250,56
06868,261
15374,239
06467,150
73272,20
15806,12
76835,107
53113,2
21423,135
97789,250
09355,74
95473,155
97204,26
54295,70
36355,54
74249,24
73266,20
67578,116
74592,105
94369,82
86479,210
27251,226
22391,1
86681,304
22049,1
36199,177
86476,210
03130,118
58640,229
87781,75
63814,71
21445,88
13505,419
18556,99
93336,193
30826,6
81927,5
85777,259
96169,84
55626,263
90556,114
14548,12
83708,208
34130,50
21789,163
44879,39
55262,81
82287,95
39120,157
40472,8
56637,212
49457,226
63739,71
35689,266
34630,171
80538,5
66887,194
06386,198
26931,19
06526,264
39448,150
07334,284
67585,165
72144,52
38678,248
94481,341
49509,92
21745,163
38553,108
04651,317
10717,419
75392,25
73770,20
94244,269
74747,161
90478,13
97773,26
54558,332
93087,72
35080,94
94436,205
84405,186
79424,153
55595,81
26831,139
98739,284
63939,188
85376,259
06729,159
48531,213
76149,28
86757,383
27749,19
67434,80
30161,6
97727,250
48485,92
23684,45
14772,12
04769,17
52159,14
07973,174
54309,70
95191,86
73441,55
15518,136
24568,48
27383,362
59494,236
86872,101
84171,90
53567,169
08393,74
31177,65
82279,204
27239,123
81539,5
08064,128
96257,146
50858,2
34302,171
68804,30
75031,24
86703,304
96250,146
34246,50
17194,351
66901,194
33758,158
71640,16
96184,283
26486,19
74842,161
95694,155
49082,41
73540,55
71034,25
13086,419
66131,32
61279,61
50735,2
94167,131
93180,72
29584,176
06126,78
74924,76
94065,341
87719,75
16248,238
51427,3
49152,41
13403,419
18273,113
73485,55
95213,86
74632,218
02782,115
22929,45
24944,38
15320,239
78570,112
78600,112
84387,205
88682,326
22969,45
22844,48
67577,116
29369,108
14552,12
55779,263
82178,95
06711,159
72582,53
36137,83
87739,75
19399,353
06179,78
53721,3
99625,73
24363,34
24879,38
36282,177
50321,3
13435,419
84166,90
56645,212
56766,129
56653,206
67753,194
85399,186
83352,180
97262,26
91347,155
93346,193
85604,15
82284,95
69207,30
29588,176
85567,15
96145,146
88410,56
67280,80
53340,3
30853,6
10825,419
35260,94
84097,90
21228,88
97505,142
37081,122
72574,53
97659,285
97291,26
35606,160
06464,150
97519,283
57258,106
46397,294
07589,174
34471,164
86859,204
84155,90
95349,152
35759,266
79395,153
56587,169
94094,131
36452,231
69117,30
78234,311
34225,50
04357,17
86738,383
72820,53
46286,40
74211,24
76857,107
57290,368
28279,9
26937,19
24537,48
36287,177
95704,249
04860,17
63801,71
07745,192
54424,129
40629,8
07389,320
97511,142
23896,120
79418,153
10315,419
40822,132
99097,73
99334,289
83569,62
99765,296
94327,82
06122,78
45739,40
95643,249
38176,235
24791,196
09119,74
64839,149
74930,24
24558,48
45468,130
71106,25
98527,216
88376,56
91236,13
73655,27
14656,12
41334,21
97907,26
86199,47
10965,419
19306,184
89551,173
85617,15
22083,1
56377,10
99885,292
54597,257
45888,98
09328,110
83080,62
73037,51
83250,180
23738,45
42119,29
18258,113
66509,167
83132,180
16548,12
91056,60
83339,180
78267,311
75399,11
55569,81
52224,14
12159,419
06268,78
59581,256
67259,37
84172,90
49439,19
14806,12
82347,225
30453,6
38467,108
94252,269
69251,30
97650,285
64521,124
86836,101
96148,84
81679,5
97725,250
90547,114
39245,330
56070,68
14163,419
54293,70
65347,10
24870,38
84543,145
88273,56
10777,419
77656,69
06536,264
58762,222
14797,12
80469,5
93349,193
55432,242
44357,22
94265,269
04924,209
56338,10
76359,28
86561,267
74081,24
37073,122
18334,99
10783,419
04758,17
06667,159
72364,96
78333,503
79822,297
91278,155
78144,127
53840,3
38543,108
35633,160
86669,316
39104,157
19086,353
49681,19
06688,159
86756,383
81377,5
61169,54
26316,19
94099,131
97857,26
47239,43
78465,67
24939,38
77731,228
86565,267
88167,75
26969,19
65191,10
27639,163
84428,145
97833,26
17217,351
94550,183
95701,249
31162,65
66450,214
19059,184
75447,11
59063,207
49196,41
72184,195
86420,101
28219,9
66877,77
85241,133
01561,140
29559,176
76332,11
93466,241
31535,6
17252,367
92249,178
47475,43
67158,80
83684,208
25884,38
67468,77
97228,26
44577,40
53115,2
96188,283
24797,408
76185,28
08237,109
24107,34
73087,51
24534,48
94527,183
19073,184
72135,52
83671,166
38524,108
90491,13
02899,115
89192,46
37574,371
37327,287
16945,344
96161,84
42853,246
39524,270
85395,259
85104,79
81243,5
69231,30
63584,277
02747,115
96365,152
91238,13
76137,28
01762,7
49599,255
54492,129
90473,13
06246,78
54518,129
01187,7
64285,63
45473,130
82288,95
69121,30
56330,68
97070,26
97353,26
91359,217
64283,63
97288,26
79427,273
89564,173
06502,148
98743,284
10557,419
80337,5
16835,303
92353,162
17129,99
85667,15
28759,9
09573,110
97297,26
31638,211
22605,1
94262,269
06116,78
54616,257
73571,55
01728,7
21720,203
87645,66
22769,1
93426,241
87653,66
36367,54
30171,6
64711,232
22846,1
06773,261
95508,249
80935,5
35683,266
56859,129
02794,115
89299,181
44866,39
88448,35
39387,227
58455,175
08349,64
90453,13
40489,8
97499,142
35274,94
44309,22
23919,120
45525,309
94110,131
35614,160
80939,5
36399,54
35390,168
69115,30
17390,99
19067,353
74589,105
68542,49
21261,88
32547,339
33605,42
92445,179
64319,63
86941,204
07548,174
66989,167
93455,241
38446,108
78086,91
29565,176
83112,62
83355,180
21762,163
37197,324
22335,1
35582,160
96472,146
26197,19
54576,332
06861,337
23847,120
08451,128
79733,126
88319,56
35586,160
63688,54
84094,193
91575,119
73469,55
10715,419
29581,176
78247,311
86511,47
95145,86
31303,388
78345,503
77886,319
73430,55
89522,173
86444,267
89186,46
10963,419
27257,226
15366,239
95197,86
91725,119
31552,138
49584,255
40479,8
57392,390
60386,4
14550,12
84478,145
52146,14
91230,13
88484,35
83253,62
75331,11
35716,266
91083,60
24364,34
74223,24
21436,88
77746,69
89542,173
41569,36
83093,62
87448,66
91720,340
87651,66
64668,170
54614,257
29699,301
31718,138
33609,42
16567,12
71069,25
86405,101
96489,146
14612,12
07774,192
77799,69
92366,162
44797,39
37520,324
18445,99
96123,84
87770,75
91338,217
69502,49
45772,40
82497,288
86564,267
72406,96
97906,188
69509,170
92281,178
38895,148
77839,228
24536,48
72636,20
83730,208
08548,109
86692,316
86356,101
19417,290
67814,254
47509,21
25996,38
32549,339
34379,412
65623,10
12099,419
27374,191
73333,51
04746,325
69429,161
10365,419
76344,28
45881,98
44629,197
41515,36
96253,146
29587,176
06485,148
89331,210
46342,33
47055,43
63546,59
87435,66
04838,17
45475,130
73033,51
15936,12
69256,30
94347,82
97993,121
12557,419
07607,192
74889,76
84494,145
89294,181
02785,115
75337,11
29342,143
83026,62
52223,14
29378,108
33611,42
56862,129
63755,71
04683,317
29362,143
14979,12
04289,17
52511,111
77749,69
19071,290
24783,196
98634,216
85551,15
01237,7
66640,293
31636,211
97440,142
49084,41
53619,169
36211,177
48527,213
91726,119
30880,6
56581,169
47445,104
80933,5
34134,50
85652,15
64846,149
17429,99
29579,176
66453,214
01773,7
26871,102
79540,154
35117,94
49326,282
35647,160
92367,162
06779,198
47053,43
94368,82
14715,12
49090,41
29496,176
09548,64
88097,67
36460,231
01587,140
73104,51
82393,225
85057,79
66503,167
64686,187
30179,6
76694,76
67316,80
23701,45
22111,1
08485,109
82493,288
24626,48
29479,176
88260,56
85301,286
24876,38
82349,15
04177,17
31036,65
66701,220
77743,69
08301,64
28355,9
72479,96
41844,111
17398,99
82346,15
85307,286
19209,290
73066,51
55774,263
24638,48
35619,160
91617,119
82049,15
89284,181
01776,7
86165,47
23560,147
64720,232
54498,129
97776,26
49406,226
29336,143
50676,2
99752,296
35288,94
06556,321
92224,178
24147,34
90429,13
21258,88
88368,56
52382,93
51789,3
68519,170
29578,176
74928,161
91459,190
63512,89
88079,67
21444,1
35321,409
01738,7
35685,266
01589,140
08297,64
18516,99
31619,211
79238,273
45966,335
04179,17
64757,232
78337,503
24367,34
68159,49
86470,210
98663,370
27336,301
91361,217
67550,116
49685,19
77652,69
37688,240
72147,52
51491,3
73061,51
94072,131
25693,100
23758,45
01307,7
91367,217
88094,67
32457,380
67245,37
99098,73
39221,150
41065,58
88285,56
86154,47
93077,193
64407,232
34128,50
04451,17
79809,126
54664,257
65553,247
91239,13
48317,18
17219,351
33719,42
25719,100
67071,37
77883,69
65183,10
67159,80
48488,102
29356,143
47495,104
91358,217
06642,159
93489,241
83627,208
78730,127
91356,217
25572,338
53804,3
31632,211
37213,202
01109,7
72116,52
22609,1
67059,37
07381,320
40474,8
85375,259
44869,39
35708,266
67147,80
66501,167
75391,11
37293,202
55497,242
74397,24
63897,188
39393,227
56323,68
59823,280
33175,31
63599,277
34388,50
83259,180
04617,302
64372,63
95195,86
56812,129
24808,34
54320,70
80807,5
88214,56
97346,26
21077,1
97526,142
24217,34
86574,267
85410,359
55546,81
79689,334
72149,52
59387,33
91244,13
91599,119
66299,32
90762,114
75249,11
72458,96
24816,34
06188,78
55288,116
71384,27
22949,45
77855,69
56856,129
21640,234
72221,11
21039,120
04571,17
33178,31
23966,290
84187,90
88662,67
68229,49
24852,38
67105,37
97494,283
93128,72
07551,174
15370,239
47169,43
53111,2
44328,22
47259,43
79362,44
74838,161
13405,419
58456,175
84098,90
33428,189
96052,84
78359,503
63329,89
78354,67
48155,18
73431,55
16306,318
97785,26
27337,141
94078,341
26897,102
24398,34
75417,11
17207,351
52372,93
59597,394
25566,100
77966,69
67580,116
59557,256
31185,65
46446,323
42279,29
92526,179
65835,61
38685,248
84550,145
73553,27
27243,19
83416,233
84104,193
21395,88
80805,5
55424,81
99713,321
37170,278
39365,227
64347,63
51429,3
34270,50
80339,5
45133,23
29643,295
87675,66
46117,137
10627,419
64405,149
46284,40
17440,99
53507,206
85368,359
81677,5
20359,1
21712,234
30449,6
35099,164
82432,166
45131,23
31089,65
19294,184
95689,249
48607,327
02923,115
77960,69
02730,115
67829,81
20355,1
30669,6
68309,49
77790,300
88085,67
30173,6
04316,17
56759,129
48431,262
10779,419
46535,502
23867,48
64673,187
35638,160
49740,102
01855,7
87733,75
67489,107
32139,57
89160,46
33689,42
06114,78
37085,122
75335,11
22179,1
02829,115
40549,8
93158,179
95163,86
38690,248
42285,29
07619,192
23824,48
24632,48
48163,18
96523,355
93090,72
94431,82
73457,55
42103,29
67297,254
90562,60
24955,38
18586,99
49456,19
01906,230
31547,211
34599,171
32423,144
06369,198
08228,109
48703,33
82389,336
42369,29
33102,31
79597,154
06242,78
58642,229
72661,53
99100,292
73663,27
64859,149
47608,21
64807,149
47137,43
82131,15
38875,148
84332,205
69123,30
74740,161
67292,254
73488,55
35796,305
94566,341
38518,108
65321,10
39218,150
14959,12
35096,94
44795,39
92289,178
65197,10
66128,32
89197,46
82064,15
81829,5
25494,48
38444,108
33649,42
06406,150
99448,73
22415,1
79793,126
59519,236
08427,128
52353,93
65391,10
73274,20
94124,131
63808,71
09322,110
86975,336
06722,159
67433,80
72227,11
10585,419
92245,178
95697,86
24594,408
79713,126
04539,17
36142,83
59469,342
49757,102
67722,254
34454,164
67685,77
76870,201
67575,116
97271,26
87776,75
89568,173
24878,38
26203,19
31039,65
86850,101
97292,26
74072,24
15745,12
95192,86
39579,270
26802,139
77887,69
18574,99
53577,169
64625,187
84079,359
34516,164
29345,143
75438,11
01097,7
31035,65
04886,17
01774,7
33100,31
55469,242
49843,213
71573,27
06108,78
01468,140
46459,323
33189,31
82490,288
09130,74
85757,133
88374,56
31199,65
99718,321
32760,31
54634,257
98711,289
07338,284
86456,101
28777,9
21409,135
07356,320
74582,105
68723,30
35781,305
83064,62
74921,76
71332,27
94137,205
75236,11
69239,170
54552,332
10999,419
61203,54
74259,24
31084,65
56072,68
24637,34
56729,212
09544,110
35085,94
97249,26
86551,267
85658,15
16341,238
82290,95
21763,163
09120,74
56341,10
06842,337
50739,2
90768,114
27389,362
06466,150
97996,121
32469,144
24113,338
04207,17
86899,204
25997,38
39576,270
34637,171
21397,135
36115,83
92436,179
30900,6
25920,38
89617,46
97294,26
07950,174
24361,34
32289,57
54347,129
77787,300
82166,15
37671,240
67821,254
44269,22
04178,17
22147,1
24937,38
71576,27
60433,4
97723,250
12059,419
24576,48
54343,70
35043,94
86567,133
06749,198
21646,88
06800,198
86972,336
94116,131
45138,23
99096,73
72655,20
89558,51
36289,177
93437,241
89604,46
84137,90
34119,50
22457,1
20251,1
29525,176
47139,43
97447,142
10781,419
21493,120
10437,419
67680,77
72138,52
75233,11
67752,194
86391,101
12351,419
95685,249
24161,34
06542,264
74245,24
52078,14
85452,186
90439,13
86736,304
86919,204
72224,11
72070,52
99735,296
84553,145
73525,55
16816,303
06886,261
67271,80
66885,194
82275,95
84518,145
44649,197
84424,306
92274,178
91320,217
31708,138
02991,7
61276,61
33161,31
90765,114
91614,404
30926,6
24966,38
31542,138
71088,25
25832,38
78604,112
02994,7
86477,101
56823,129
20457,1
88416,35
60599,4
86482,101
72131,52
67586,165
63937,188
89607,46
96050,84
88371,56
29472,176
88527,35
44339,22
17349,367
22395,1
92363,162
25497,48
08344,64
49453,226
34132,50
26524,172
67816,254
79295,273
66978,167
81369,5
84088,90
82407,225
50827,2
08112,128
67258,37
54429,70
82272,95
96166,283
73092,51
50170,3
68642,116
16949,344
85748,15
97359,26
24623,48
44145,22
92284,178
95358,152
14624,12
67822,254
38274,65
32756,31
99095,73
07580,174
64823,149
08373,74
73345,51
90469,13
94526,183
97230,26
42897,246
88316,56
88287,56
29416,308
49356,226
34281,171
07751,192
83254,62
44789,39
35119,164
10625,419
87499,66
37355,287
49846,213
66440,214
04916,209
75382,11
71229,25
24395,38
38259,248
84089,193
53945,200
14641,12
67134,37
29497,176
24787,34
36358,54
72072,52
91589,119
28203,9
33604,42
31710,138
25491,48
97537,142
26129,19
55299,165
26489,139
85662,15
08262,109
34393,412
16827,303
82398,225
08147,128
82276,95
72175,127
15566,136
79292,273
06259,78
07919,109
34396,50
66132,32
12555,419
23858,45
38871,148
09427,64
48149,18
73489,55
33615,42
25557,196
80637,5
36039,83
35394,168
21339,135
78120,91
08428,128
24259,196
86633,316
35584,160
25782,349
39615,270
57334,313
38275,248
67317,80
97246,26
83483,233
29664,301
56869,242
71563,16
26446,139
84183,82
73566,55
82319,15
17419,99
55283,165
24969,38
75223,11
99830,231
74538,105
96106,283
59556,256
18209,113
69493,49
66955,167
32584,57
33330,189
04157,17
40883,97
91804,298
24782,196
12459,419
54526,129
26579,172
24613,408
24988,38
85406,259
97350,26
86732,304
97877,121
22850,45
29348,143
71287,25
26122,19
63543,59
97772,250
15938,12
04329,17
26133,19
35690,266
13509,419
91443,190
96196,84
80686,5
83486,233
65558,10
75203,11
28865,258
97896,121
07570,174
85646,15
53902,200
48291,18
48369,92
35764,266
49593,255
94356,82
25917,38
55237,116
06895,261
49434,19
94522,82
99444,73
97836,26
95499,152
13629,419
31249,235
71723,16
86984,336
38539,108
64653,187
84184,90
92278,178
71642,16
27246,226
98669,370
49179,41
85664,306
54294,70
14053,419
83224,180
35435,160
67756,194
06862,337
55435,81
66917,167
97250,26
95185,86
67748,194
71732,16
38836,148
79879,376
24351,34
08340,64
25584,100
95180,86
91227,13
69214,30
25474,48
87742,75
36163,83
86922,204
31141,65
84570,145
97656,285
09488,64
75378,11
63179,89
28197,9
97503,283
36251,177
97318,26
29331,143
67063,37
95444,155
41372,21
46359,33
38473,108
24790,196
26389,307
79853,297
95511,155
64850,149
67112,37
03048,118
23714,45
81249,5
88480,35
31553,138
36100,83
84323,205
17268,318
09385,64
41352,36
29576,176
24784,196
36179,177
65203,10
88433,35
97268,26
93326,193
94152,131
26789,139
90402,13
17036,276
92339,298
23564,147
88284,56
78592,112
30167,6
07429,284
29303,143
76764,201
37115,350
37242,202
55276,165
22956,45
22303,1
95336,152
83734,208
94154,131
09526,64
50126,3
55459,81
25795,349
93468,241
84524,145
91054,60
26603,172
39397,227
03116,118
35719,94
36469,231
21029,1
14193,419
84555,145
72181,52
10787,419
24768,196
23730,45
24864,38
19258,184
42719,151
95485,155
17406,99
97783,26
59399,33
83547,306
74246,24
03050,118
48432,262
65474,124
71149,25
46414,33
79865,376
85411,259
04519,17
25878,38
85084,79
06493,148
37124,122
74243,24
59955,281
68782,30
40227,8
92268,178
97074,26
86674,267
52134,14
19309,344
25578,100
71263,25
17291,318
02999,7
48329,33
67547,116
72270,195
66871,194
18055,113
68535,49
78126,91
35510,54
04158,17
09618,110
85296,286
74229,24
53225,2
66763,85
84529,180
75175,11
78464,67
68623,116
82418,225
54619,257
08352,64
67598,116
59939,281
58791,222
32105,117
33154,31
21710,234
39345,227
95493,155
44625,197
40668,36
94348,82
26215,19
73337,51
42327,29
32427,144
97222,26
53505,206
92318,162
22525,1
30952,6
83242,180
17039,367
76646,76
73773,20
49479,92
19336,344
76287,28
73497,55
93352,90
24806,34
86163,47
88074,67
74626,218
46395,294
80689,5
87487,66
08529,109
40235,8
10629,419
19376,353
39122,157
77933,69
67122,37
37276,202
04668,317
73728,20
24241,338
21782,163
82396,225
53332,3
65187,10
24357,34
91189,87
98529,216
83620,62
63931,188
93107,72
36110,54
24256,34
26907,102
35285,164
24872,38
17326,318
94556,341
93358,193
88524,35
74937,76
31582,211
97941,121
85119,286
84339,205
67678,77
77654,69
37120,122
81669,5
55767,263
72336,96
26441,19
72660,20
41063,58
84066,90
97076,26
01277,7
07349,284
22119,1
63871,71
40878,97
69126,30
39446,150
35457,168
98530,216
97225,26
93057,72
51103,2
41068,58
53539,332
88046,67
88045,67
06484,148
39418,150
78083,91
34513,164
67480,107
90552,13
91793,87
96146,84
07629,192
44623,197
20539,1
49419,226
65624,10
47918,21
15712,12
95365,152
42281,29
21272,88
63867,71
49328,282
56826,129
79224,44
18236,113
21465,1
67551,116
86929,204
55127,165
88255,56
41363,36
46119,137
99330,289
79874,297
79108,44
21756,163
84337,205
16775,12
25563,100
76275,28
66987,167
63533,89
97348,26
45149,23
99634,73
97780,26
29308,143
93176,72
86925,204
94469,183
87656,253
96179,84
51149,2
86507,101
08324,64
94536,341
82515,166
21683,203
03099,118
54450,70
29490,176
96328,152
52070,14
78589,112
47057,43
51469,3
84453,145
34479,50
87637,66
31719,211
21380,135
37136,122
97792,250
66999,167
83536,306
16866,303
72535,46
77978,69
91327,217
52391,93
82293,95
94032,131
45357,23
59821,280
63636,277
36145,83
87787,75
52379,93
21684,203
91572,119
20459,1
40233,8
94372,82
28309,9
09405,64
73113,51
83646,166
95168,86
66287,32
27578,163
78112,91
52385,93
81739,5
92355,162
72649,20
74586,105
91161,87
35418,168
04315,17
86343,101
12679,419
97523,142
71701,16
84168,90
31224,235
73268,20
97532,142
31633,211
52062,14
93197,72
82297,47
50668,2
49596,255
49201,41
49565,255
87724,75
67697,77
67354,37
35279,94
26639,172
78594,112
91555,119
67731,77
58638,229
99438,73
49492,92
91722,119
46562,502
87493,66
88422,35
45470,130
18069,113
22961,45
96476,146
68549,49
67281,80
06317,264
54668,257
55568,81
86947,204
34289,50
71735,16
84186,90
35088,413
94569,183
14473,12
26506,172
12169,419
28816,123
47574,365
23826,48
30521,6
79241,273
23744,45
53498,206
40591,8
34308,50
58739,342
32361,144
29456,176
08233,109
78736,127
47199,43
07743,192
37444,248
87778,75
91456,190
82041,15
09350,74
67475,80
83104,62
30169,6
94571,183
88400,35
22927,45
66117,32
54313,70
04129,17
21447,135
97497,142
96176,283
95666,249
59075,207
54470,129
33449,158
87736,75
86856,101
64739,232
76135,28
72411,52
09131,74
27472,312
85113,298
84048,193
86687,304
94127,131
09419,64
12685,419
66113,32
16559,12
23866,48
23869,45
03058,118
67677,77
21109,1
92286,178
46282,40
56589,169
94350,82
15834,12
75210,11
78576,311
85122,298
14662,12
71297,11
93464,241
84561,145
89346,210
73776,20
86977,336
08496,109
35398,168
06128,78
21643,234
97616,285
44263,22
08371,74
53909,200
84539,145
99631,73
40219,8
08396,74
56357,10
63868,188
79737,126
28209,9
01833,7
86943,204
22047,1
42389,29
25727,100
91735,340
74936,76
31094,65
76771,201
24887,38
47447,104
92277,178
55218,81
50181,3
54534,129
65556,247
31592,211
21274,88
82234,15
20259,1
13051,419
70734,27
74199,24
31688,138
22527,1
12105,419
04567,17
63826,71
04205,17
92447,179
89075,46
49536,92
09437,64
04319,17
67734,77
74226,24
20148,1
86399,101
74074,24
24819,408
84030,90
74918,76
15827,12
23860,45
96215,146
97539,283
23946,290
97788,26
84389,205
55596,81
65205,10
94375,82
59755,280
74595,105
81373,5
04874,17
91353,217
41239,58
91413,190
89359,210
22417,1
73666,20
49176,41
36318,54
73269,20
14169,419
96157,84
47665,104
12165,419
56564,169
36304,54
47589,268
25365,48
40217,8
67125,37
34639,171
12247,419
45886,98
37359,287
69254,30
92260,178
17168,113
94547,183
90610,13
86150,47
28277,9
15711,12
87497,66
98673,370
97258,190
87545,66
53506,206
47804,21
97236,26
78052,91
85435,186
52396,93
29640,295
72356,96
54531,129
74599,105
56746,206
72299,195
84431,145
67483,107
85774,15
82488,288
07957,174
54427,70
37586,278
32425,144
98724,355
67304,254
85309,286
48529,213
56588,169
23749,45
76706,28
64589,124
65343,10
25729,100
88370,56
99086,73
94140,205
58256,345
68259,49
83349,180
13351,419
28195,9
34327,171
82494,288
38828,148
54314,70
94342,82
91058,60
87466,66
28201,9
86576,267
16225,238
14089,419
49214,41
73527,55
09113,74
27248,226
69151,30
63930,188
55593,81
26571,172
97491,283
13597,419
66121,32
91717,119
09599,110
12167,419
34385,50
97267,26
04463,17
99192,292
76676,28
55743,263
86577,267
57074,106
22397,1
67596,116
49497,92
38486,308
86485,101
81476,5
92358,162
90592,13
95517,155
83324,180
21521,120
74382,24
79802,126
87785,75
63694,54
86733,383
04938,209
82491,288
79291,273
36341,54
86911,204
95158,86
88451,35
72379,96
86579,267
74862,161
83088,62
73575,55
75248,11
77974,69
22523,1
77794,69
74182,24
24109,34
76476,182
09577,110
87700,75
94256,269
38889,148
31717,138
61184,54
73579,55
25590,408
35519,54
40476,8
24794,196
31028,65
07646,192
89073,46
84178,90
52477,14
30451,6
74343,16
79848,376
14827,12
93351,193
36157,83
87749,75
87730,75
53783,3
26135,19
88048,67
54346,70
86695,101
97990,121
17509,99
88099,67
22763,1
79669,334
41539,36
86459,101
12439,419
38474,108
22399,1
87763,75
21385,135
91486,190
97529,142
83530,306
75045,76
94269,269
92237,178
73667,27
21509,45
87679,253
01309,7
79249,44
24409,38
63849,188
91349,217
99610,73
58540,347
02739,115
73111,51
79664,126
35581,160
47441,104
73116,51
76479,224
09487,64
85293,286
53572,169
27330,123
94351,82
71116,25
67067,37
91289,155
21147,1
66787,85
96164,84
89081,46
87740,75
90613,114
14547,12
77761,382
14822,12
84149,90
39307,330
09471,64
93486,241
96342,152
97255,26
29690,301
12627,419
95652,249
25885,38
55122,165
49163,41
74172,24
83471,233
28205,9
78476,314
83358,180
19077,184
55483,242
58511,185
85077,79
38477,108
94345,82
80634,5
24214,34
66806,85
96272,146
55585,81
65195,10
58119,134
12109,419
87754,75
82499,288
21641,234
32369,387
95512,152
73098,51
41469,36
44388,22
26632,172
24251,34
84051,90
99848,231
15831,12
96352,152
99988,291
99189,73
52068,14
67746,194
13439,419
79258,273
72160,195
63920,188
04288,17
52349,93
52399,93
79341,44
52441,93
20149,1
97502,142
49779,102
83126,62
69120,30
86666,316
25767,100
27252,226
83413,180
44627,197
16798,12
32351,144
71254,16
47178,43
99706,321
22177,1
86865,75
93096,72
94249,269
84577,145
93192,241
26452,19
22459,1
34292,50
26529,172
97464,142
52249,14
41189,58
25569,100
87769,75
94559,82
17139,276
17309,357
53940,200
61209,54
95367,152
36214,177
88499,35
25852,38
67590,116
31097,65
06543,264
85114,298
54451,70
86161,47
41541,36
33607,42
23909,120
79331,44
20255,1
84549,180
74076,24
84544,145
79115,44
93183,72
24941,38
94250,269
24629,48
75172,11
31180,65
02742,115
06217,78
67376,37
06313,264
46537,502
65189,10
54349,70
23879,120
47809,21
14482,12
22767,1
25554,100
45289,23
85110,298
85135,298
10179,419
78647,112
78669,127
54306,70
75443,11
25764,349
74831,24
97903,188
04821,317
32479,144
85072,298
21391,135
68307,49
87640,66
48465,213
24975,38
24321,34
77972,69
35287,94
74629,218
27412,191
72813,53
66679,220
08056,128
73107,51
24222,34
79599,154
59077,207
34596,171
13125,419
85614,15
90443,13
92280,178
66292,32
84091,193
72297,195
72365,96
72229,11
88161,75
94365,82
72351,96
84565,145
09326,110
95691,86
21787,163
55422,81
09114,74
90522,114
71739,16
57413,406
56753,212
24861,38
84503,145
94374,82
83410,233
82409,336
23775,45
47906,21
72525,53
67061,37
82380,225
28779,9
01824,7
06528,264
13585,419
86453,47
29481,176
66280,32
66130,32
15344,239
30627,6
91744,404
21244,88
39249,150
91166,87
85128,298
08648,109
53809,3
91598,119
83666,208
36284,177
35687,266
08491,109
15306,239
45144,23
99734,296
97531,283
25927,38
23619,45
71706,16
01558,140
86505,210
13407,419
84371,205
09128,74
49744,102
96049,84
48346,18
09434,64
66904,194
21739,234
04934,209
79595,153
29571,176
78564,112
07958,174
99755,296
26169,19
97277,26
88326,56
84109,90
35447,168
54574,332
45127,23
21266,88
02943,115
98678,370
91580,119
96274,146
97840,26
29379,108
63925,188
79102,44
78050,91
25585,196
18569,99
55758,263
13467,419
73447,55
97490,142
29494,176
97724,285
50829,2
10711,419
33378,158
89613,46
97720,250
34127,50
38709,248
50374,3
94405,82
56814,129
16307,318
69488,170
18106,113
86179,47
67487,107
79379,153
10967,419
97653,285
01665,140
63853,188
33613,42
09638,110
84508,145
91781,87
19386,353
37269,202
92546,179
65597,247
04317,17
86690,304
87764,75
31626,211
77767,69
22549,1
56651,206
46514,502
96158,84
91346,217
76547,319
95339,152
78579,112
21271,88
06792,198
93055,72
22419,1
44265,22
40627,8
55130,165
99974,291
89518,173
25786,349
31702,138
84130,82
54550,332
79235,273
18119,113
42657,151
72805,53
48167,18
21037,1
25853,38
83623,166
54570,332
91481,190
14167,419
96155,84
52074,14
88175,75
97270,26
29575,176
15741,12
01069,7
45359,23
06463,148
66809,85
72818,53
48336,18
07985,109
55499,242
38704,248
91625,119
19089,353
76467,224
89616,46
64367,63
94315,82
63165,89
66909,194
58675,274
36326,54
83134,62
82383,336
08294,64
83123,306
53557,169
67365,201
72290,195
37351,287
93495,241
79111,44
38877,148
22946,45
90616,190
27283,141
07907,320
98714,289
27327,123
63607,277
25850,38
24244,34
89343,210
08315,64
84435,186
59348,33
67307,254
38556,108
76846,167
49692,19
06385,198
37539,324
24103,34
59846,280
55425,81
63928,188
92271,178
86694,316
40470,8
34346,392
30855,6
15517,136
26757,139
47829,21
97779,250
57271,401
94366,82
45130,23
83115,62
36148,83
46244,279
86450,101
25797,349
18375,99
03149,118
24980,38
75387,11
24977,38
71296,11
76229,28
39629,270
73574,55
86744,304
91186,87
82433,288
49626,255
24404,38
66539,237
25560,100
97478,283
06347,264
18233,113
85253,133
76131,28
56112,10
25335,322
94166,205
31637,211
27498,48
97786,250
84177,82
63639,277
48624,33
36166,177
74575,105
73635,27
27442,191
96264,146
01640,140
94572,341
76549,224
94360,82
16356,238
32657,117
24802,196
73529,55
92334,162
35469,168
95111,86
23923,290
21680,203
85101,79
16321,238
31691,138
25870,38
25469,48
45145,23
24253,34
79410,153
90513,114
33181,31
59069,207
85298,286
37345,287
89185,46
04779,17
39359,227
08118,128
67817,254
49811,102
02788,115
94107,131
01904,230
85111,298
29549,176
26131,19
24994,38
96224,146
26936,19
23899,120
86562,267
98701,289
24226,34
49635,255
52393,93
97261,26
34590,171
06766,198
26676,19
03159,118
91369,217
93479,241
67167,80
24634,408
21217,88
54675,257
02828,115
71729,16
52457,93
78652,127
66882,77
15562,239
54610,257
18181,113
40212,8
32699,117
33647,42
40721,97
34317,50
97486,283
99947,291
71560,27
21401,135
64390,63
94428,82
14974,12
15732,12
95482,86
92272,178
91799,87
47626,365
74679,218
44287,22
67310,80
71404,27
74749,161
76437,224
93155,72
94258,269
02977,7
24894,38
67360,201
83125,62
98528,216
76187,28
40625,8
82399,225
35282,94
90403,13
72537,53
45892,98
34311,50
49143,41
44581,40
16845,303
49762,102
93474,241
09236,110
66625,293
01778,7
65529,10
45134,23
91604,119
52064,14
04828,317
37139,122
32689,117
25593,100
86498,75
56294,212
01920,7
15345,239
88212,56
27386,362
75050,24
42549,97
22339,1
30539,6
63150,89
01809,7
91623,119
93093,72
32805,31
74912,24
86700,304
18551,99
18573,99
71120,25
77773,382
64287,63
72827,53
87789,75
24873,38
45889,98
25779,349
27474,312
94130,131
24149,34
72669,20
44787,39
33184,31
15864,136
53347,3
91788,87
85354,259
58579,185
58089,134
23717,45
65606,305
76774,201
25946,38
84100,90
25879,38
91235,13
86974,336
38838,148
79423,273
99091,73
04275,17
24610,48
16227,238
97849,26
24620,34
97357,26
91080,60
94113,131
84385,205
22045,1
16259,239
29562,176
03253,209
60325,4
02779,115
86759,304
14828,12
26209,19
18442,99
12689,419
38476,108
88454,35
26629,172
42275,29
67311,80
09661,110
53119,2
92559,179
94357,82
83607,208
82377,225
08134,128
97496,283
44652,197
13189,419
75428,11
19057,184
02929,115
12305,419
49696,19
21442,88
21769,163
86938,204
38315,248
06429,150
30974,6
12619,419
13156,419
06796,198
77880,69
14798,12
93179,72
36167,83
54308,70
31246,235
29221,143
20357,1
82211,15
83059,62
24992,38
86676,316
09390,64
31683,138
44867,39
85570,15
30916,6
83404,233
60311,4
85107,79
94354,82
07955,174
76744,201
34628,171
57072,106
63322,149
67141,37
97782,26
97737,26
56321,68
01591,140
16831,303
30659,6
18059,113
91362,217
78098,91
97514,283
46483,502
83457,233
32676,31
64293,63
48619,33
80803,5
54331,70
04565,17
31629,211
26487,139
24329,34
25451,48
22941,45
14943,12
49424,19
04643,17
24899,38
84181,90
27432,191
71691,16
93073,72
31613,211
20099,1
06258,78
79288,273
59071,207
21403,135
37181,278
97295,26
09306,110
78583,112
55129,165
90461,13
50939,2
86573,267
35327,54
93095,72
94255,269
25587,100
48143,18
63872,71
44799,39
15746,12
53518,206
83368,180
86381,210
47551,268
64683,187
67278,80
77723,378
76534,182
93462,241
41517,36
23898,120
79859,393
37318,287
99089,73
06449,150
84571,145
10823,419
96479,146
91287,155
91564,119
67749,194
83370,180
97980,121
24803,38
73492,55
48324,18
92345,162
87459,66
85405,359
94539,183
94339,82
88483,35
21772,163
97852,26
24229,34
29599,176
51105,2
31627,211
23629,45
73079,51
84533,145
47533,268
97218,26
89520,173
85599,15
01157,7
72358,96
86741,304
09496,64
48493,92
39435,150
65326,10
85120,79
49459,226
58802,222
66862,77
09212,74
21784,163
65329,10
85238,133
94148,131
63571,277
25799,349
94239,269
77704,69
83624,208
58452,175
82269,204
71634,16
67117,37
27576,163
21727,234
49086,41
39539,270
94532,183
89312,210
45309,23
82444,225
78737,127
72644,20
47559,268
77871,69
96151,283
91474,190
02727,115
88090,326
94330,82
81541,5
32791,31
93133,179
91074,60
85126,286
99085,73
61137,59
69124,30
95119,86
17111,276
36325,54
85123,316
40223,8
95237,86
78585,112
67574,116
18184,113
94333,90
67806,254
01619,140
74426,105
17375,357
97839,26
01689,140
22869,48
89297,181
35684,266
94562,183
75177,11
44805,39
24327,34
22926,45
72369,96
99834,231
87561,66
79263,44
67246,80
74673,218
01847,7
31712,138
34277,50
06628,159
66773,85
78269,503
44575,40
15569,136
47119,43
89188,46
04741,325
53117,2
53343,3
52525,111
87755,75
29389,176
22149,1
96103,84
82266,15
12347,419
47279,43
39599,270
35102,94
49808,102
13129,419
91187,87
76684,76
25859,38
27568,163
49577,255
68167,49
91560,119
26427,139
57234,106
79350,44
36391,375
31135,65
73235,20
94491,183
54344,70
10713,419
81475,5
29683,301
67305,254
26121,19
03052,118
22305,1
64297,63
55624,263
86650,304
57462,315
63874,71
91639,340
79261,44
83101,62
84364,205
86368,101
47051,43
41199,58
71299,11
63860,71
79252,297
83435,233
19303,184
87671,66
94505,82
82441,288
58769,222
49847,213
77791,378
37247,202
32825,400
19370,353
85250,133
94542,131
74572,105
22952,45
21629,88
35753,266
29358,143
34295,171
97253,26
53919,200
37281,202
25791,349
27313,141
58099,134
83024,62
73779,20
94533,183
57489,315
67435,80
16547,12
39179,227
31693,138
66693,220
36404,231
97834,26
72141,53
42329,29
84559,145
88481,46
45327,23
44534,501
73329,51
77963,69
14728,12
31700,138
89134,46
78244,311
37441,416
38470,108
84106,193
26624,172
72622,20
39590,270
72226,11
94145,341
44267,22
10827,419
21365,135
54292,70
48683,33
55411,81
96487,146
34632,171
21406,135
15236,136
16303,377
15326,239
25368,100
76829,107
45478,130
96337,152
56329,242
84056,90
37217,202
74867,161
86473,210
24119,34
90409,13
31749,138
21714,234
22115,1
37412,324
25599,100
83361,180
35216,94
22547,1
12623,419
82402,15
32108,117
52445,93
41366,21
26345,19
54340,70
31622,211
86641,316
74743,161
91487,328
86556,267
04435,17
23821,48
74736,121
89165,46
83512,306
08107,128
14789,12
56269,169
49767,102
09468,64
75239,11
71155,25
89561,173
16837,303
07333,284
68305,49
23863,48
91463,190
84164,82
94234,269
35329,54
35114,164
76768,201
88690,326
19395,353
25489,48
34474,164
36275,177
36269,177
01819,7
18190,113
85737,15
82442,288
53925,200
81543,5
01108,7
01609,140
83083,62
13088,419
31241,235
84546,145
79117,44
97909,188
49393,19
71570,27
91177,87
21514,120
88289,56
24211,34
65307,10
87737,75
65618,247
80995,5
09429,64
26123,19
36208,177
85716,15
15838,12
72127,52
63743,71
28259,9
17322,357
83371,180
15377,239
42489,132
91355,217
74933,76
78598,112
97957,121
35108,413
95361,152
35516,54
75217,11
93195,72
33415,158
45768,40
87748,75
78586,112
07768,192
99441,73
04928,209
08321,64
17449,99
85649,15
78259,311
42929,354
79369,44
86739,383
82340,15
95186,86
51570,3
42113,29
25882,38
97638,285
99195,73
73550,55
21259,88
83564,306
84568,145
85579,15
31093,65
45259,23
79211,44
44894,39
67591,116
09627,110
73240,20
21031,1
89619,46
29574,176
76456,182
63697,54
85665,15
25872,38
21449,1
67157,80
67583,165
24800,34
98544,216
96142,155
24863,38
04575,17
91710,340
25376,100
24405,38
96231,146
63699,54
67127,37
79856,297
95632,86
25358,100
21755,163
58710,274
95032,86
01465,7
88267,56
02689,230
24250,34
85259,133
46487,502
35644,160
31196,65
92540,179
48691,33
63843,188
39319,330
52388,93
64546,124
72415,96
89177,46
47638,396
84564,145
12209,419
73494,55
29353,143
51580,3
31029,65
41472,36
69234,30
88213,56
51375,103
34266,50
09648,110
95369,152
31609,211
54421,70
86688,304
15713,12
13053,419
51645,272
54341,70
85132,298
38899,148
55278,165
15926,12
30827,6
38527,108
25869,38
45147,23
49733,102
45891,98
22848,45
59368,501
58093,134
55618,81
78253,503
70839,16
29475,176
86857,204
28719,9
26847,139
41748,21
90587,114
55491,242
10439,419
64295,63
06905,261
93480,241
06917,261
88276,56
67819,254
59909,281
83677,166
34123,50
39288,330
87745,75
97252,26
73460,55
23719,48
27798,19
16761,12
25499,48
79725,126
73730,20
86868,101
82067,15
35792,305
78148,91
31556,138
78664,127
92507,179
55452,81
85116,298
17099,367
71065,25
22359,1
21255,88
64385,232
94545,341
83676,166
54318,70
88529,53
56237,10
07922,320
26736,172
18356,99
59229,18
68766,30
33659,42
91242,13
87654,66
85467,186
54486,129
06279,78
93152,72
64747,232
87784,75
89335,210
74252,24
64665,63
01326,7
91737,119
95615,86
46236,279
18507,99
67742,194
34613,411
31655,138
67366,201
83374,180
10961,419
08060,128
85302,267
24805,196
93102,72
38642,248
27321,141
01067,7
83119,180
89275,181
67728,254
55629,81
93104,72
36093,83
87775,75
34320,50
09465,64
68199,49
26901,102
14712,12
55444,81
48282,327
86510,47
78194,311
96247,146
45657,40
82362,225
64404,63
29499,176
91578,119
23942,290
21481,120
51067,2
95695,249
55457,81
74931,30
01744,7
08468,109
37215,202
36286,177
82057,166
82386,225
78141,91
07545,174
51709,3
82061,15
53175,2
04639,302
53424,206
24641,48
57339,313
78580,112
83539,306
09394,64
86871,75
09575,110
83661,166
18182,113
95463,155
47798,21
86159,47
56575,68
94259,269
13353,419
06420,150
27254,226
87767,75
89198,46
83052,62
18347,99
76199,28
54455,70
95359,152
12047,419
63829,71
36448,231
63517,59
20095,1
81477,5
87474,66
29328,143
86742,304
36151,83
66802,85
71101,25
21107,1
17358,357
75385,11
01917,7
89537,173
08626,109
14469,12
56743,212
81547,5
54290,70
45883,98
58135,134
96132,84
49835,213
38442,108
91174,87
06844,337
86554,267
91723,340
76891,167
94227,269
73560,55
35039,94
17424,99
73342,51
03051,118
72172,127
72585,53
36124,83
84335,205
66500,167
65468,124
96138,84
98587,216
79283,273
21079,1
02627,230
83458,233
12357,419
48734,33
94261,269
88696,67
24114,34
93345,193
08539,109
67681,77
88339,56
24257,34
21435,88
06120,78
89176,46
92360,162
49661,19
31812,373
63674,54
87600,253
44803,39
01445,140
06925,261
21441,88
84076,90
96355,152
03096,118
35579,160
36419,231
07747,192
24242,196
24360,34
26409,139
66111,32
94508,183
46519,104
06193,78
28207,9
07613,192
78733,127
48231,18
09241,110
33034,240
53757,3
16515,12
51145,2
24640,48
66793,85
93167,241
29646,295
65388,10
84140,205
01324,7
29491,176
27580,163
66740,85
83707,208
41542,36
97520,142
38855,148
85304,286
56220,68
85447,186
25821,38
24235,34
85049,79
23626,45
89614,46
65207,10
99094,73
49624,19
97332,26
74939,76
17126,99
18299,113
79336,44
36433,231
92444,241
90763,114
39106,157
22117,1
29386,108
91550,404
21775,163
24643,48
50129,3
77781,300
25938,38
47669,21
97247,26
35641,160
92431,179
09432,64
25770,100
34233,50
06311,264
50354,3
76756,201
29488,176
26180,19
67599,116
32683,31
01471,140
83236,180
34399,50
02681,230
95491,155
91090,217
91634,404
69257,30
06425,150
29439,176
97483,283
86529,267
63825,71
86156,47
41462,36
15378,239
74706,161
34414,240
42277,29
23669,45
91489,190
99198,73
24232,34
73275,20
31087,65
31134,65
21407,135
04687,317
74239,24
87471,66
01848,7
35410,409
91613,190
74376,16
35756,266
03246,209
67718,167
73114,51
55118,165
65510,10
18565,99
13357,419
23769,45
87484,66
25485,48
85080,79
66583,237
22393,1
82194,95
27729,258
76327,28
18311,99
45277,23
75394,11
09125,74
86932,204
61191,54
83071,62
19065,353
82229,15
20257,1
13349,419
21075,1
38448,108
99768,296
74374,24
36154,83
17348,367
52152,14
85232,133
83379,180
65451,124
74676,218
29556,176
79594,154
54617,257
97795,250
44807,39
99887,292
35037,94
56368,10
55246,165
09112,74
46049,137
76473,224
45894,98
33333,189
03042,118
67273,80
97950,121
97944,121
13127,419
66506,167
64759,232
39317,330
97265,26
60388,4
63864,71
82435,336
19063,184
96349,152
39291,330
14478,12
53520,206
47623,365
47805,21
78573,112
78136,91
35794,305
55576,81
17087,276
38707,248
26759,172
22089,1
97645,285
21781,163
86441,101
67657,299
01825,7
94518,341
65185,10
78479,314
16727,12
01189,7
17392,99
99636,73
18581,99
90607,13
38554,108
01814,7
79359,44
15528,136
99423,73
06809,198
58706,274
67374,37
56340,10
36266,177
74354,16
72417,96
44139,22
17454,99
71409,27
01239,7
79110,44
95356,152
25718,100
99986,291
12353,419
89173,46
96197,152
88477,35
66706,220
80997,5
67361,201
45529,309
35789,305
89194,46
30519,6
63831,71
79871,297
79312,44
88179,75
27726,258
35232,94
86609,304
73630,27
90411,13
04613,302
63934,188
18439,99
94160,341
40599,8
91749,119
54497,129
96275,146
33106,31
27446,191
83109,62
28329,9
73084,51
96317,152
35686,266
67152,80
19412,353
64291,63
89264,181
40593,8
67363,201
09249,110
53579,169
83556,306
34305,171
12249,419
94568,341
82237,15
68219,49
15230,136
93099,72
97285,26
91631,366
04564,17
31515,381
74722,161
73642,27
16792,12
18292,113
10785,419
37154,278
12559,419
35428,160
85586,15
24888,38
25867,38
78607,112
55619,81
44137,22
86697,316
67688,77
86559,267
95362,152
90480,13
25436,48
40239,8
87751,75
26340,19
20144,1
66916,194
72764,53
86558,267
73450,55
49688,19
01169,7
03185,118
79790,126
63927,188
88138,75
36037,83
06636,159
21649,88
06774,198
58339,345
79282,273
09623,110
74731,161
04774,17
34125,50
74389,24
86685,304
99762,296
07387,320
45659,40
74379,16
83626,208
67729,254
17335,357
58566,347
69190,30
58515,185
86709,304
12529,12
40699,132
38528,108
63225,89
92637,249
48499,102
39217,150
40215,8
79761,126
45479,130
07318,284
79232,44
78048,91
67283,80
95138,86
99338,289
49078,41
96242,146
86462,101
66953,167
79685,334
08606,109
21522,135
33397,386
33775,399
76863,107
97274,26
84567,145
53639,3
47807,21
89191,46
72762,53
24105,34
91795,298
59073,207
44369,22
97469,142
75242,11
45770,40
55545,81
95326,152
89278,181
47179,43
47166,43
45356,23
15232,136
04808,317
66346,32
24943,38
24399,38
40597,8
91241,13
74744,161
95233,86
35688,266
09514,64
79730,126
03044,118
67549,116
29355,143
91595,119
25594,338
08359,64
08209,109
72793,53
63785,188
67754,194
47803,21
40724,97
56579,169
99994,291
88437,35
33729,42
87488,66
72534,53
84574,145
49586,255
48268,92
91094,217
98667,370
25361,100
10407,419
90537,13
36364,83
30890,398
72294,195
93444,241
39624,308
24111,338
02894,115
45128,23
99099,73
74357,16
58809,222
48157,18
87752,75
92369,162
85386,259
12527,419
93413,241
24146,34
13589,419
83367,180
38835,148
67700,77
73101,51
94359,82
36456,231
94089,341
85391,259
14471,12
10369,419
50767,2
45326,23
25373,48
25377,100
29693,301
04655,17
86978,336
95706,86
09484,64
82431,166
79183,44
74535,105
53125,2
41066,58
28857,123
91611,119
23813,48
23689,45
98666,370
21765,163
79591,153
21371,135
01877,230
78089,91
83346,180
28870,141
80796,5
97959,121
67368,201
19069,290
38542,108
64689,170
82140,95
51503,3
96486,146
15754,12
07366,320
06198,78
65345,10
99638,73
86668,316
07343,320
91452,114
90471,13
21149,88
27339,141
39439,150
75433,11
53533,206
91719,340
89287,181
87672,66
56767,332
83329,180
82281,95
95671,249
73734,20
63505,59
95680,86
04618,302
88677,67
09481,64
90518,13
96126,283
97264,26
55413,81
26125,19
49777,102
69168,30
77784,300
83679,166
76461,224
45661,40
19339,344
72348,96
88699,326
26127,19
26817,139
89293,181
88239,56
79367,44
04425,17
64342,63
33818,117
55252,165
35580,160
83549,306
30159,6
23883,120
24881,38
64658,170
50169,3
39112,157
01616,140
91171,87
97797,250
84103,90
83365,180
09474,64
15910,12
24867,38
36205,202
49191,41
79215,44
86706,316
88377,56
60488,4
72145,52
66996,167
09399,64
04680,317
21732,234
73563,55
97437,283
82299,95
53604,372
54413,70
83209,62
31559,138
42109,29
80799,5
74597,105
73432,55
89171,46
94362,82
